size_mib,pattern,compression,path,warps,requested_compression,effective_compression,allocation_bytes,table_bytes,groups,entries,bytes_per_code,threads,samples,base_addresses,repetitions,hot_glookups_s,hot_glookups_s_min,hot_glookups_s_max,hot_glookups_s_relative_range,cold_glookups_s,cold_glookups_s_min,cold_glookups_s_max,cold_glookups_s_relative_range,hot_net_cycles_per_lookup,cold_net_cycles_per_lookup,validation
64,blockmix6_0_63_g1,generic_compressible,global_cg,1104,1,1,67108864,67108860,5592405,89478480,0.75,35328,10,[8736735232],4,38.449004,38.349197,38.48366,0.003497177716229106,34.41180799999999,33.42586,35.371109,0.05652853229914561,2495.4394535,2751.2329105,True
64,blockmix6_0_63_g1,non_compressible,global_cg,1104,0,0,67108864,67108860,5592405,89478480,0.75,35328,10,[8669626368],4,7.973154,6.641264,9.310624,0.3347934832313538,7.937526,6.612673,9.264842,0.33413043308456564,11713.8793945,11722.828125,True
64,blockmix6_0_63_g16,generic_compressible,global_cg,1104,1,1,67108864,67108860,5592405,89478480,0.75,35328,10,[8736735232],4,38.4882465,38.48235,38.496765,0.00037452992305083907,36.772707,36.211793,37.054509,0.022916887788543904,2495.7602534999996,2605.7524415,True
64,blockmix6_0_63_g16,non_compressible,global_cg,1104,0,0,67108864,67108860,5592405,89478480,0.75,35328,10,[8669626368],4,8.6870865,6.643411,9.311851,0.307173181710577,8.643453000000001,6.614569,9.264614,0.30659563949731655,11312.7382815,11352.634277000001,True
64,blockmix6_0_63_g2,generic_compressible,global_cg,1104,1,1,67108864,67108860,5592405,89478480,0.75,35328,10,[8736735232],4,38.4314085,38.346596,38.490212,0.003736943443017487,34.994442500000005,33.457516,35.398796,0.055473951328128705,2495.5717775000003,2743.1704099999997,True
64,blockmix6_0_63_g2,non_compressible,global_cg,1104,0,0,67108864,67108860,5592405,89478480,0.75,35328,10,[8669626368],4,8.688457499999998,6.645911,9.311928,0.30684583540864424,8.6453415,6.609117,9.265905,0.3073086239566129,11303.59375,11338.805664,True
64,blockmix6_0_63_g4,generic_compressible,global_cg,1104,1,1,67108864,67108860,5592405,89478480,0.75,35328,10,[8736735232],4,38.4450885,38.353101,38.486281,0.0034641616184599463,34.994257,33.43179,35.38107,0.05570285432835456,2495.589844,2744.1157224999997,True
64,blockmix6_0_63_g4,non_compressible,global_cg,1104,0,0,67108864,67108860,5592405,89478480,0.75,35328,10,[8669626368],4,8.684519,6.643606,9.312158,0.30727689121297336,8.6424095,6.613099,9.267272,0.3071103029774278,11310.702148,11345.022949,True
64,blockmix6_0_63_g8,generic_compressible,global_cg,1104,1,1,67108864,67108860,5592405,89478480,0.75,35328,10,[8736735232],4,38.4889015,38.346596,38.494143,0.003833494702362524,34.5590935,33.459495,35.440969,0.057335821033616105,2496.024414,2740.6918944999998,True
64,blockmix6_0_63_g8,non_compressible,global_cg,1104,0,0,67108864,67108860,5592405,89478480,0.75,35328,10,[8669626368],4,7.9734995,6.642006,9.310778,0.33470523200007735,7.938662,6.610508,9.26507,0.3343840561545509,11681.184082,11720.019043,True
64,blockmix6_0_63_hash,generic_compressible,global_cg,1104,1,1,67108864,67108860,5592405,89478480,0.75,35328,10,[8736735232],4,38.3400945,38.336193,38.392176,0.0014601685449679232,34.988655,33.414993,35.360045,0.05559093368979164,2496.6303715000004,2742.949219,True
64,blockmix6_0_63_hash,non_compressible,global_cg,1104,0,0,67108864,67108860,5592405,89478480,0.75,35328,10,[8669626368],4,8.680793999999999,6.641772,9.301738,0.3064196662194727,8.639205,6.611474,9.256194,0.3061300200655037,11312.870116999999,11352.382324499999,True
66,blockmix6_0_63_g1,generic_compressible,global_cg,1104,1,1,69206016,69206016,5767168,92274688,0.75,35328,10,[8738832384],4,38.437881,38.402609,38.48759,0.0022108658903439316,34.840041,34.450587,35.260785,0.023254794677193397,2496.5893555000002,2756.104004,True
66,blockmix6_0_63_g1,non_compressible,global_cg,1104,0,0,69206016,69206016,5767168,92274688,0.75,35328,10,[8669626368],4,8.5318415,7.925296,9.139457,0.14230937131216043,8.4910155,7.882965,9.102076,0.1435765839786772,11507.767577999999,11543.053711,True
66,blockmix6_0_63_g16,generic_compressible,global_cg,1104,1,1,69206016,69206016,5767168,92274688,0.75,35328,10,[8738832384],4,38.4915225,38.48235,38.495454,0.00034043859917480676,36.762348,35.788781,37.009626,0.033209113846591,2495.9970705,2608.7485349999997,True
66,blockmix6_0_63_g16,non_compressible,global_cg,1104,0,0,69206016,69206016,5767168,92274688,0.75,35328,10,[8669626368],4,8.5303685,6.527791,9.139679,0.3061870070443029,8.488593999999999,6.497402,9.102442,0.3068871005021562,11522.109375,11553.953125,True
66,blockmix6_0_63_g2,generic_compressible,global_cg,1104,1,1,69206016,69206016,5767168,92274688,0.75,35328,10,[8738832384],4,38.456194499999995,38.337494,38.494143,0.004073439975970623,34.830712000000005,33.181567,35.233311,0.05890617452781324,2496.1152345,2755.3525395,True
66,blockmix6_0_63_g2,non_compressible,global_cg,1104,0,0,69206016,69206016,5767168,92274688,0.75,35328,10,[8669626368],4,8.5290465,6.528244,9.138866,0.3060860320083846,8.49583,6.49785,9.103908,0.30674554457892883,11511.053711,11537.225097499999,True
66,blockmix6_0_63_g4,generic_compressible,global_cg,1104,1,1,69206016,69206016,5767168,92274688,0.75,35328,10,[8738832384],4,38.477767,38.343995,38.48497,0.0036638040871757815,34.8174935,33.135856,35.24869,0.0606831160893304,2497.066406,2759.2993165,True
66,blockmix6_0_63_g4,non_compressible,global_cg,1104,0,0,69206016,69206016,5767168,92274688,0.75,35328,10,[8669626368],4,8.527613500000001,6.528168,9.145816,0.3069613790540577,8.4901665,6.497962,9.102222,0.3067383896417107,11524.734375,11570.359375,True
66,blockmix6_0_63_g8,generic_compressible,global_cg,1104,1,1,69206016,69206016,5767168,92274688,0.75,35328,10,[8738832384],4,38.411227,38.334894,38.48366,0.0038729822403226525,34.823336499999996,33.137797,35.362256,0.0638783994750188,2496.4726565,2756.9091795,True
66,blockmix6_0_63_g8,non_compressible,global_cg,1104,0,0,69206016,69206016,5767168,92274688,0.75,35328,10,[8669626368],4,8.5285195,6.526209,9.143671,0.30690696081541463,8.49241,6.497589,9.105008,0.30702933560673595,11518.28125,11546.7734375,True
66,blockmix6_0_63_hash,generic_compressible,global_cg,1104,1,1,69206016,69206016,5767168,92274688,0.75,35328,10,[8738832384],4,38.3264455,38.312807,38.341394,0.0007458818480832431,34.2079195,33.125175,35.217944,0.06117790940194431,2497.9580075,2808.5834965000004,True
66,blockmix6_0_63_hash,non_compressible,global_cg,1104,0,0,69206016,69206016,5767168,92274688,0.75,35328,10,[8669626368],4,7.8326085,6.523611,9.139161,0.33393089926555114,7.799858,6.494939,9.101709,0.33420736633923337,12833.194824,12868.95752,True
68,blockmix6_0_63_g1,generic_compressible,global_cg,1104,1,1,71303168,71303160,5941930,95070880,0.75,35328,10,[8740929536],4,38.381811,38.329695,38.47842,0.003874882297763357,34.663610000000006,33.491215,35.087867,0.04606133060001557,2497.3896485,2771.9721680000002,True
68,blockmix6_0_63_g1,non_compressible,global_cg,1104,0,0,71303168,71303160,5941930,95070880,0.75,35328,10,[8669626368],4,8.389936,7.785196,8.997469,0.14449132865852618,8.3581555,7.754862,8.958042,0.14395281351250291,11717.1103515,11743.8515625,True
68,blockmix6_0_63_g16,generic_compressible,global_cg,1104,1,1,71303168,71303160,5941930,95070880,0.75,35328,10,[8740929536],4,38.486936,38.416964,38.488901,0.001869127747659579,36.755377499999994,36.519447,36.990249,0.012809064469545963,2496.2099605,2611.6254885,True
68,blockmix6_0_63_g16,non_compressible,global_cg,1104,0,0,71303168,71303160,5941930,95070880,0.75,35328,10,[8669626368],4,8.393214,7.792279,8.991673,0.14290044314371117,8.3600405,7.763223,8.955204,0.14258076859795119,11696.5825195,11725.7055665,True
68,blockmix6_0_63_g2,generic_compressible,global_cg,1104,1,1,71303168,71303160,5941930,95070880,0.75,35328,10,[8740929536],4,38.349848,38.337494,38.48235,0.0037772248797439093,34.6600575,32.849886,35.082424,0.06441241478032762,2496.2958985,2769.9350585,True
68,blockmix6_0_63_g2,non_compressible,global_cg,1104,0,0,71303168,71303160,5941930,95070880,0.75,35328,10,[8669626368],4,8.3923545,6.424368,8.990671,0.3057905859434323,8.36077,6.397248,8.961096,0.3066521384992051,11698.0249025,11722.123047000001,True
68,blockmix6_0_63_g4,generic_compressible,global_cg,1104,1,1,71303168,71303160,5941930,95070880,0.75,35328,10,[8740929536],4,38.3824255,38.320599,38.48366,0.004248324535925929,33.981574499999994,32.867077,35.094404,0.06554513829251778,2496.9819335,2828.208008,True
68,blockmix6_0_63_g4,non_compressible,global_cg,1104,0,0,71303168,71303160,5941930,95070880,0.75,35328,10,[8669626368],4,7.7049275,6.423893,8.990743,0.3331439523603565,7.677241,6.396306,8.955701,0.33337432027990255,13042.4887695,13076.2353515,True
68,blockmix6_0_63_g8,generic_compressible,global_cg,1104,1,1,71303168,71303160,5941930,95070880,0.75,35328,10,[8740929536],4,38.3752335,38.359608,38.487591,0.0033350415965547257,34.6651155,34.17564,35.08678,0.026284060700735183,2496.1694335,2770.113281,True
68,blockmix6_0_63_g8,non_compressible,global_cg,1104,0,0,71303168,71303160,5941930,95070880,0.75,35328,10,[8669626368],4,8.3910915,7.782141,8.991172,0.14408506926661452,8.362534499999999,7.752363,8.95925,0.1443207199922465,11710.253418,11731.543457,True
68,blockmix6_0_63_hash,generic_compressible,global_cg,1104,1,1,71303168,71303160,5941930,95070880,0.75,35328,10,[8740929536],4,38.325796,38.297232,38.333593,0.0009487343720140718,34.6539705,32.885244,35.073716,0.06315212855623564,2497.9125974999997,2769.8974605,True
68,blockmix6_0_63_hash,non_compressible,global_cg,1104,0,0,71303168,71303160,5941930,95070880,0.75,35328,10,[8669626368],4,8.394684,6.424149,8.990671,0.30573181789808895,8.3589855,6.39761,8.954707,0.30590996957704986,11695.098633,11724.051757500001,True
70,blockmix6_0_63_g1,generic_compressible,global_cg,1104,1,1,73400320,73400316,6116693,97867088,0.75,35328,10,[8743026688],4,38.257219,37.823145,38.338794,0.013478475787798464,33.9975485,32.194105,34.837016,0.07773828162933566,2498.791504,2791.0566405,True
70,blockmix6_0_63_g1,non_compressible,global_cg,1104,0,0,73400320,73400316,6116693,97867088,0.75,35328,10,[8669626368],4,8.270923,6.332069,8.865175,0.30626642274387045,8.243036,6.311319,8.837385,0.3064484978592838,11892.119140499999,11914.890625,True
70,blockmix6_0_63_g16,generic_compressible,global_cg,1104,1,1,73400320,73400316,6116693,97867088,0.75,35328,10,[8743026688],4,38.486936,38.48235,38.492833,0.00027237813890928304,36.659597500000004,35.626372,36.985408,0.03707176544968875,2495.4174805000002,2617.008789,True
70,blockmix6_0_63_g16,non_compressible,global_cg,1104,0,0,73400320,73400316,6116693,97867088,0.75,35328,10,[8669626368],4,8.270431499999999,6.334411,8.862812,0.30571572958436327,8.245127,6.310121,8.837731,0.30655804331455416,11871.727539,11895.107422000001,True
70,blockmix6_0_63_g2,generic_compressible,global_cg,1104,1,1,73400320,73400316,6116693,97867088,0.75,35328,10,[8743026688],4,38.338144,37.683201,38.486281,0.020947284250380022,34.429499,32.158389,34.925267,0.08036358588894943,2496.8344724999997,2793.2246095,True
70,blockmix6_0_63_g2,non_compressible,global_cg,1104,0,0,73400320,73400316,6116693,97867088,0.75,35328,10,[8669626368],4,8.268035,6.33175,8.863785,0.3062438656827166,8.242494,6.311565,8.834553,0.3060952182676748,11892.378418,11912.1762695,True
70,blockmix6_0_63_g4,generic_compressible,global_cg,1104,1,1,73400320,73400316,6116693,97867088,0.75,35328,10,[8743026688],4,38.347898,38.182113,38.371327,0.004934142674521555,34.401056,33.102868,34.871403,0.05140932301613067,2497.3222655,2788.683594,True
70,blockmix6_0_63_g4,non_compressible,global_cg,1104,0,0,73400320,73400316,6116693,97867088,0.75,35328,10,[8669626368],4,8.27506,7.6739,8.86309,0.14370771933979934,8.2463755,7.653121,8.831586,0.14290702624443918,11870.4306645,11897.078125,True
70,blockmix6_0_63_g8,generic_compressible,global_cg,1104,1,1,73400320,73400316,6116693,97867088,0.75,35328,10,[8743026688],4,38.347897,37.825677,38.43917,0.01599808719628089,34.408255,32.219796,34.889697,0.07759478067109175,2496.6596680000002,2788.807129,True
70,blockmix6_0_63_g8,non_compressible,global_cg,1104,0,0,73400320,73400316,6116693,97867088,0.75,35328,10,[8669626368],4,8.276672999999999,6.336293,8.863924,0.3053921545529225,8.2476445,6.313116,8.83269,0.3054901311519913,11869.962402000001,11893.9716795,True
70,blockmix6_0_63_hash,generic_compressible,global_cg,1104,1,1,73400320,73400316,6116693,97867088,0.75,35328,10,[8743026688],4,38.3154045,37.990927,38.319301,0.008570286658464057,34.3809385,32.370175,34.813414,0.07106376691840446,2498.1538085,2787.4707035,True
70,blockmix6_0_63_hash,non_compressible,global_cg,1104,0,0,73400320,73400316,6116693,97867088,0.75,35328,10,[8669626368],4,8.2695015,6.331892,8.859547,0.3056598998137916,8.244386,6.311389,8.830689,0.30557763792233883,11876.737304999999,11902.793457,True
72,blockmix6_0_63_g1,generic_compressible,global_cg,1104,1,1,75497472,75497472,6291456,100663296,0.75,35328,10,[8745123840],4,38.162159,31.74213,38.324497,0.17248413539705656,34.0554615,27.727264,34.651219,0.2033140851725059,2508.1816405,2818.010254,True
72,blockmix6_0_63_g1,non_compressible,global_cg,1104,0,0,75497472,75497472,6291456,100663296,0.75,35328,10,[8669626368],4,8.1614675,6.246939,8.741917,0.30570213016225334,8.136524,6.232989,8.716036,0.30517294608852635,12051.661621,12069.584961,True
72,blockmix6_0_63_g16,generic_compressible,global_cg,1104,1,1,75497472,75497472,6291456,100663296,0.75,35328,10,[8745123840],4,38.4856255,38.340094,38.490212,0.0039006251827711385,36.603749500000006,35.892179,36.846778,0.02607926819081749,2497.004883,2621.7221680000002,True
72,blockmix6_0_63_g16,non_compressible,global_cg,1104,0,0,75497472,75497472,6291456,100663296,0.75,35328,10,[8669626368],4,8.163087,7.579083,8.741579,0.14240887056575532,8.1362665,7.550382,8.714289,0.1430517301762425,12037.1088865,12047.379882500001,True
72,blockmix6_0_63_g2,generic_compressible,global_cg,1104,1,1,75497472,75497472,6291456,100663296,0.75,35328,10,[8745123840],4,38.174983499999996,33.034189,38.327096,0.1386485733517082,34.042962,28.783379,34.672474,0.17299008823027798,2500.9921875,2811.036621,True
72,blockmix6_0_63_g2,non_compressible,global_cg,1104,0,0,75497472,75497472,6291456,100663296,0.75,35328,10,[8669626368],4,8.159765,6.251257,8.741579,0.3051953089335293,8.137829,6.232165,8.723434,0.3061343510658677,12033.635254,12053.786621,True
72,blockmix6_0_63_g4,generic_compressible,global_cg,1104,1,1,75497472,75497472,6291456,100663296,0.75,35328,10,[8745123840],4,38.2056935,38.007532,38.327096,0.008364303084826866,34.0418985,33.437723,34.65653,0.03580314417540485,2501.035156,2812.3959965000004,True
72,blockmix6_0_63_g4,non_compressible,global_cg,1104,0,0,75497472,75497472,6291456,100663296,0.75,35328,10,[8669626368],4,8.1634,7.578981,8.746923,0.14307053433618358,8.1370755,7.554317,8.716103,0.1427768490042891,12030.958496,12054.836914,True
72,blockmix6_0_63_g8,generic_compressible,global_cg,1104,1,1,75497472,75497472,6291456,100663296,0.75,35328,10,[8745123840],4,38.1659815,32.650646,38.324496,0.1486624941114118,34.025034000000005,28.412989,34.652282,0.1833736007434996,2501.5830075,2811.5751955,True
72,blockmix6_0_63_g8,non_compressible,global_cg,1104,0,0,75497472,75497472,6291456,100663296,0.75,35328,10,[8669626368],4,8.162791,6.251153,8.741039,0.30502875793340783,8.136739,6.232543,8.716305,0.3052527554343331,12033.9956055,12046.9853515,True
72,blockmix6_0_63_hash,generic_compressible,global_cg,1104,1,1,75497472,75497472,6291456,100663296,0.75,35328,10,[8745123840],4,38.099402999999995,34.123029,38.290746,0.1093906117111598,34.0237145,29.54927,34.608787,0.14870560355777732,2502.914551,2810.5620115,True
72,blockmix6_0_63_hash,non_compressible,global_cg,1104,0,0,75497472,75497472,6291456,100663296,0.75,35328,10,[8669626368],4,8.1628325,6.251084,8.741917,0.30514322081213857,8.1358785,6.228148,8.714625,0.30561874787092747,12028.326172000001,12043.73291,True
74,blockmix6_0_63_g1,generic_compressible,global_cg,1104,1,1,77594624,77594616,6466218,103459488,0.75,35328,10,[8747220992],4,33.409193,28.824478,37.994757,0.2744837027341546,29.8938815,25.616242,34.162215,0.28587699459503124,2852.6694335,3204.1518555000002,True
74,blockmix6_0_63_g1,non_compressible,global_cg,1104,0,0,77594624,77594616,6466218,103459488,0.75,35328,10,[8669626368],4,7.4090679999999995,6.177304,8.642473,0.3327232251073955,7.3836435,6.161849,8.621317,0.3330967969946002,12597.5166015,12625.621582,True
74,blockmix6_0_63_g16,generic_compressible,global_cg,1104,1,1,77594624,77594616,6466218,103459488,0.75,35328,10,[8747220992],4,38.435272,38.403914,38.467946,0.001665969737380743,36.235594,35.389933,36.286181,0.024733912185902072,2496.6997069999998,2646.9106444999998,True
74,blockmix6_0_63_g16,non_compressible,global_cg,1104,0,0,77594624,77594616,6466218,103459488,0.75,35328,10,[8669626368],4,7.4916165,6.177743,7.495415,0.17588620560062038,7.470058,6.15762,7.475787,0.17646007567812738,13064.874511999999,13095.576659999999,True
74,blockmix6_0_63_g2,generic_compressible,global_cg,1104,1,1,77594624,77594616,6466218,103459488,0.75,35328,10,[8747220992],4,28.947571,28.647713,34.738531,0.21040860388597035,25.695942000000002,25.471374,30.931816,0.21250211414705092,3234.1538085,3643.0483400000003,True
74,blockmix6_0_63_g2,non_compressible,global_cg,1104,0,0,77594624,77594616,6466218,103459488,0.75,35328,10,[8669626368],4,6.1817455,6.179127,7.497851,0.21332550814329054,6.1614465,6.160271,7.47732,0.21375646124655953,14807.13916,14879.984375,True
74,blockmix6_0_63_g4,generic_compressible,global_cg,1104,1,1,77594624,77594616,6466218,103459488,0.75,35328,10,[8747220992],4,28.823804000000003,28.691335,34.961992,0.21755133361300968,25.6136345,25.507005,31.126849,0.2194082999037095,3302.8544925,3731.863281,True
74,blockmix6_0_63_g4,non_compressible,global_cg,1104,0,0,77594624,77594616,6466218,103459488,0.75,35328,10,[8669626368],4,6.178756,6.175009,7.49462,0.21357227895064962,6.161312,6.159868,7.474255,0.21332907666419101,15801.427734500001,15849.3554685,True
74,blockmix6_0_63_g8,generic_compressible,global_cg,1104,1,1,77594624,77594616,6466218,103459488,0.75,35328,10,[8747220992],4,31.8926745,28.417274,35.135852,0.21066210674805594,28.3666515,25.28282,31.277557,0.21133044201568876,3010.4277345,3394.3139650000003,True
74,blockmix6_0_63_g8,non_compressible,global_cg,1104,0,0,77594624,77594616,6466218,103459488,0.75,35328,10,[8669626368],4,6.83771,6.178958,7.501284,0.19338725976971827,6.820812500000001,6.157419,7.476776,0.1934310611822272,14405.337890499999,14278.677246,True
74,blockmix6_0_63_hash,generic_compressible,global_cg,1104,1,1,77594624,77594616,6466218,103459488,0.75,35328,10,[8747220992],4,35.622025,35.531194,35.815992,0.007994997476982348,31.539414,31.482248,31.737675,0.008098660298507795,2671.3027345,3013.8652345,True
74,blockmix6_0_63_hash,non_compressible,global_cg,1104,0,0,77594624,77594616,6466218,103459488,0.75,35328,10,[8669626368],4,7.494968,7.494571,7.495366,0.00010607116668144563,7.472649,7.467442,7.476232,0.0011762896932533962,13038.9462895,13058.3300785,True
76,blockmix6_0_63_g1,generic_compressible,global_cg,1104,1,1,79691776,79691772,6640981,106255696,0.75,35328,10,[8749318144],4,30.80247,25.564686,31.155156,0.18149421134084387,27.849892,23.086424,28.13859,0.1814070230505741,3110.4643555000002,3445.4746095,True
76,blockmix6_0_63_g1,non_compressible,global_cg,1104,0,0,79691776,79691772,6640981,106255696,0.75,35328,10,[8669626368],4,7.411704,6.113135,7.41917,0.17621251469297755,7.392728,6.098263,7.395243,0.17543997290310148,13198.7958985,13214.206543,True
76,blockmix6_0_63_g16,generic_compressible,global_cg,1104,1,1,79691776,79691772,6640981,106255696,0.75,35328,10,[8749318144],4,38.408480499999996,38.341394,38.465329,0.003226761339855554,35.709073000000004,35.228918,36.211794,0.02752454537254432,2496.595703,2684.894531,True
76,blockmix6_0_63_g16,non_compressible,global_cg,1104,0,0,79691776,79691772,6640981,106255696,0.75,35328,10,[8669626368],4,6.76294,6.10894,7.419608,0.1938015123600092,6.7455415,6.093201,7.39834,0.1934817241877469,14590.9609375,14608.4501955,True
76,blockmix6_0_63_g2,generic_compressible,global_cg,1104,1,1,79691776,79691772,6640981,106255696,0.75,35328,10,[8749318144],4,25.534987,25.053098,30.792799,0.2247779096186734,23.064580499999998,22.660226,27.828279,0.22406880541356464,3750.211914,4164.3886715,True
76,blockmix6_0_63_g2,non_compressible,global_cg,1104,0,0,79691776,79691772,6640981,106255696,0.75,35328,10,[8669626368],4,6.1124905,6.112111,7.413575,0.2129187767244792,6.097967000000001,6.093398,7.392293,0.21300459644993155,16000.760742,16030.942871,True
76,blockmix6_0_63_g4,generic_compressible,global_cg,1104,1,1,79691776,79691772,6640981,106255696,0.75,35328,10,[8749318144],4,25.797634,25.239356,30.79867,0.21549704907046904,23.239463999999998,22.831845,27.874939,0.217005607358242,3715.8017575,4129.192871,True
76,blockmix6_0_63_g4,non_compressible,global_cg,1104,0,0,79691776,79691772,6640981,106255696,0.75,35328,10,[8669626368],4,6.1125895,6.110987,7.409444,0.21242339273723515,6.096734,6.093398,7.39505,0.21349988370822817,15991.131347999999,16017.713379,True
76,blockmix6_0_63_g8,generic_compressible,global_cg,1104,1,1,79691776,79691772,6640981,106255696,0.75,35328,10,[8749318144],4,28.552602,25.269821,30.8904,0.19684997535426016,25.7695865,22.868794,27.883189,0.19458577653157144,3362.6015625,3735.625,True
76,blockmix6_0_63_g8,non_compressible,global_cg,1104,0,0,79691776,79691772,6640981,106255696,0.75,35328,10,[8669626368],4,6.7645935,6.110822,7.417223,0.19312335619280008,6.744951,6.095435,7.395195,0.19270117751782037,14591.5288085,14613.7255855,True
76,blockmix6_0_63_hash,generic_compressible,global_cg,1104,1,1,79691776,79691772,6640981,106255696,0.75,35328,10,[8749318144],4,28.7987975,26.024309,31.780502,0.19987615802361192,26.000097,23.502546,28.612183,0.19652376681517775,3339.3120120000003,3714.8583985,True
76,blockmix6_0_63_hash,non_compressible,global_cg,1104,0,0,79691776,79691772,6640981,106255696,0.75,35328,10,[8669626368],4,6.7632185,6.108709,7.416104,0.19330959069265613,6.7444489999999995,6.093398,7.395679,0.19308930944544184,14601.685547000001,14619.115234500001,True
78,blockmix6_0_63_g1,generic_compressible,global_cg,1104,1,1,81788928,81788928,6815744,109051904,0.75,35328,10,[8751415296],4,22.9362455,22.558937,27.388038,0.21054452874599733,21.017114,20.692548,25.121017,0.21070775940026779,4190.478515500001,4579.799316500001,True
78,blockmix6_0_63_g1,non_compressible,global_cg,1104,0,0,81788928,81788928,6815744,109051904,0.75,35328,10,[8669626368],4,6.0528785,6.050319,7.344556,0.21382173787231973,6.036104999999999,6.034912,7.327228,0.21409766728709984,16157.303222499999,16181.540039,True
78,blockmix6_0_63_g16,generic_compressible,global_cg,1104,1,1,81788928,81788928,6815744,109051904,0.75,35328,10,[8751415296],4,38.342045,38.332293,38.474492,0.0037086962888911628,35.619966500000004,35.059576,36.083498,0.02874573169517155,2497.4106444999998,2692.3823245000003,True
78,blockmix6_0_63_g16,non_compressible,global_cg,1104,0,0,81788928,81788928,6815744,109051904,0.75,35328,10,[8669626368],4,6.698123000000001,6.053915,7.344126,0.19262276909516293,6.678571,6.034912,7.327655,0.19356580921277916,14737.869140499999,14739.9624025,True
78,blockmix6_0_63_g2,generic_compressible,global_cg,1104,1,1,81788928,81788928,6815744,109051904,0.75,35328,10,[8751415296],4,23.101691000000002,22.385173,27.385383,0.21644346294823175,21.160977,20.595288,25.107626,0.21323864205324736,4156.7993165,4543.1025389999995,True
78,blockmix6_0_63_g2,non_compressible,global_cg,1104,0,0,81788928,81788928,6815744,109051904,0.75,35328,10,[8669626368],4,6.0524565,6.052035,7.339406,0.2127022309040966,6.036024,6.034687,7.326705,0.2140511701080048,16152.0390625,16185.990234500001,True
78,blockmix6_0_63_g4,generic_compressible,global_cg,1104,1,1,81788928,81788928,6815744,109051904,0.75,35328,10,[8751415296],4,23.142713,22.684324,27.675676,0.2156770470255583,21.169005,20.822132,25.397555,0.21613783926074942,4153.4526365,4544.107422,True
78,blockmix6_0_63_g4,non_compressible,global_cg,1104,0,0,81788928,81788928,6815744,109051904,0.75,35328,10,[8669626368],4,6.054937000000001,6.05372,7.338596,0.2122030336566672,6.038297,6.037555,7.324142,0.21307116890739225,16125.4033205,16155.106934,True
78,blockmix6_0_63_g8,generic_compressible,global_cg,1104,1,1,81788928,81788928,6815744,109051904,0.75,35328,10,[8751415296],4,22.9303155,22.565241,24.713536,0.0936879826184686,20.986414,20.735817,24.956312,0.2011060584242739,4198.0668945,4584.169922,True
78,blockmix6_0_63_g8,non_compressible,global_cg,1104,0,0,81788928,81788928,6815744,109051904,0.75,35328,10,[8669626368],4,6.054660999999999,6.051355,7.339263,0.21271347809563573,6.036991,6.035557,7.319353,0.21265494681042268,16155.8549805,16189.2631835,True
78,blockmix6_0_63_hash,generic_compressible,global_cg,1104,1,1,81788928,81788928,6815744,109051904,0.75,35328,10,[8751415296],4,25.7025715,23.383927,28.168738,0.18616078939805697,23.513404,21.384988,25.743994,0.18538387721318447,3749.989746,4107.720703,True
78,blockmix6_0_63_hash,non_compressible,global_cg,1104,0,0,81788928,81788928,6815744,109051904,0.75,35328,10,[8669626368],4,6.6953785,6.050351,7.338786,0.1924364694243947,6.6800635,6.036749,7.32196,0.1923950273825989,14734.241211,14751.3242185,True
80,blockmix6_0_63_g1,generic_compressible,global_cg,1104,1,1,83886080,83886072,6990506,111848096,0.75,35328,10,[8753512448],4,20.795754000000002,20.474807,24.610776,0.19888526282817168,19.286769,19.006321,22.882681,0.20098545277334953,4438.2402345,4801.0878905,True
80,blockmix6_0_63_g1,non_compressible,global_cg,1104,0,0,83886080,83886072,6990506,111848096,0.75,35328,10,[8669626368],4,6.001306,5.999904,7.278215,0.21300546914288332,5.986734500000001,5.984785,7.261385,0.21323811837655404,15294.573242,15323.886719,True
80,blockmix6_0_63_g16,generic_compressible,global_cg,1104,1,1,83886080,83886072,6990506,111848096,0.75,35328,10,[8753512448],4,38.3270975,38.316703,38.343995,0.0007120810544029001,35.4848915,34.928505,35.953821,0.028894438073736154,2497.633789,2700.8354495000003,True
80,blockmix6_0_63_g16,non_compressible,global_cg,1104,0,0,83886080,83886072,6990506,111848096,0.75,35328,10,[8669626368],4,6.6340265,5.998472,7.269603,0.1916077664145599,6.6215265,5.985704,7.258727,0.19225521486623973,14862.243164,14869.369140499999,True
80,blockmix6_0_63_g2,generic_compressible,global_cg,1104,1,1,83886080,83886072,6990506,111848096,0.75,35328,10,[8753512448],4,22.8096365,20.565316,24.853167,0.18798418817415175,21.1779485,19.093636,23.084067,0.18842386929026678,4250.894043,4576.7651365,True
80,blockmix6_0_63_g2,non_compressible,global_cg,1104,0,0,83886080,83886072,6990506,111848096,0.75,35328,10,[8669626368],4,6.639333000000001,6.000286,7.27859,0.19253500313962263,6.6233,5.982568,7.262318,0.1932193921459091,14870.9033205,14885.603515499999,True
80,blockmix6_0_63_g4,generic_compressible,global_cg,1104,1,1,83886080,83886072,6990506,111848096,0.75,35328,10,[8753512448],4,24.7430455,21.049323,24.79158,0.15124480129174067,23.006086,19.473181,23.026703,0.1544600850401064,3884.7265625,4182.392089999999,True
80,blockmix6_0_63_g4,non_compressible,global_cg,1104,0,0,83886080,83886072,6990506,111848096,0.75,35328,10,[8669626368],4,7.2748194999999996,5.996817,7.279012,0.17625110836083285,7.260872,5.9845,7.261338,0.17585188115146508,13434.3671875,13448.442382500001,True
80,blockmix6_0_63_g8,generic_compressible,global_cg,1104,1,1,83886080,83886072,6990506,111848096,0.75,35328,10,[8753512448],4,24.678787,21.108277,24.80409,0.1497566715900582,22.941715,19.539148,23.031864,0.152243021064467,3899.731445,4197.315918,True
80,blockmix6_0_63_g8,non_compressible,global_cg,1104,0,0,83886080,83886072,6990506,111848096,0.75,35328,10,[8669626368],4,7.2721995,5.998663,7.275779,0.17561619424769637,7.2563285,5.987733,7.258215,0.1750860645297411,13471.3120115,13483.6757815,True
80,blockmix6_0_63_hash,generic_compressible,global_cg,1104,1,1,83886080,83886072,6990506,111848096,0.75,35328,10,[8753512448],4,21.010424,20.835179,25.129951,0.20441148641264917,19.455707500000003,19.293387,23.339032,0.2079412943476869,4576.5976565,4944.4277345,True
80,blockmix6_0_63_hash,non_compressible,global_cg,1104,0,0,83886080,83886072,6990506,111848096,0.75,35328,10,[8669626368],4,5.997247,5.996213,7.278168,0.2137572456161969,5.9835495000000005,5.981619,7.259986,0.21364693314561853,16293.8217775,16316.983887,True
82,blockmix6_0_63_g1,generic_compressible,global_cg,1104,1,1,85983232,85983228,7165269,114644304,0.75,35328,10,[8755609600],4,18.829514,18.542144,22.588687,0.2149042720911437,17.6504745,17.396796,21.216823,0.21642630627295617,5131.1435545,5473.822266,True
82,blockmix6_0_63_g1,non_compressible,global_cg,1104,0,0,85983232,85983228,7165269,114644304,0.75,35328,10,[8669626368],4,5.9482415,5.948007,7.21799,0.2135056217875486,5.9358735,5.935047,7.19919,0.2129666341440733,16440.244629,16458.681152,True
82,blockmix6_0_63_g16,generic_compressible,global_cg,1104,1,1,85983232,85983228,7165269,114644304,0.75,35328,10,[8755609600],4,38.165357,38.151188,38.262235,0.0029096282264567635,34.6570605,34.64697,35.276186,0.01815549244287465,2500.90918,2754.712402,True
82,blockmix6_0_63_g16,non_compressible,global_cg,1104,0,0,85983232,85983228,7165269,114644304,0.75,35328,10,[8669626368],4,5.948789,5.947663,7.210486,0.2122823653688171,5.936528,5.934612,7.194059,0.21215211989230065,16413.0126955,16427.267578,True
82,blockmix6_0_63_g2,generic_compressible,global_cg,1104,1,1,85983232,85983228,7165269,114644304,0.75,35328,10,[8755609600],4,18.8332845,18.616342,22.501463,0.20629014551338623,17.660058,17.462634,21.087409,0.20525272340555165,4857.102051,5195.054199,True
82,blockmix6_0_63_g2,non_compressible,global_cg,1104,0,0,85983232,85983228,7165269,114644304,0.75,35328,10,[8669626368],4,5.950638,5.947913,6.69741,0.1259523768711859,5.935998,5.933646,7.195936,0.2126500042621307,15402.8364255,15436.2700195,True
82,blockmix6_0_63_g4,generic_compressible,global_cg,1104,1,1,85983232,85983228,7165269,114644304,0.75,35328,10,[8755609600],4,19.9884555,18.58757,22.416244,0.19154426413786696,18.465913999999998,17.396529,21.04423,0.19753698625478264,4723.5712895,5053.1660155,True
82,blockmix6_0_63_g4,non_compressible,global_cg,1104,0,0,85983232,85983228,7165269,114644304,0.75,35328,10,[8669626368],4,6.234644,5.946161,7.213568,0.20328458208680406,6.219162000000001,5.935889,7.200841,0.20339589160082966,15157.7666015,15154.395996000001,True
82,blockmix6_0_63_g8,generic_compressible,global_cg,1104,1,1,85983232,85983228,7165269,114644304,0.75,35328,10,[8755609600],4,20.794826999999998,18.568641,22.537799,0.1908723741726729,19.49367,17.414215,21.18065,0.19321323280839375,4669.201660000001,4982.701172,True
82,blockmix6_0_63_g8,non_compressible,global_cg,1104,0,0,85983232,85983228,7165269,114644304,0.75,35328,10,[8669626368],4,6.5822895,5.945723,7.218497,0.1933634186098925,6.5679894999999995,5.933116,7.202355,0.1932461980945615,15001.808593999998,14992.771484,True
82,blockmix6_0_63_hash,generic_compressible,global_cg,1104,1,1,85983232,85983228,7165269,114644304,0.75,35328,10,[8755609600],4,19.0655545,18.894189,22.768846,0.20322813060590494,17.8230605,17.691089,21.353078,0.2054635341668732,5060.499512,5409.722168,True
82,blockmix6_0_63_hash,non_compressible,global_cg,1104,0,0,85983232,85983228,7165269,114644304,0.75,35328,10,[8669626368],4,5.9479595,5.94613,7.21343,0.21306466528563278,5.9355785,5.932836,7.195845,0.2127861673466201,16444.220703,16463.5771485,True
84,blockmix6_0_63_g1,generic_compressible,global_cg,1104,1,1,88080384,88080384,7340032,117440512,0.75,35328,10,[8757706752],4,19.042280499999997,17.0744,20.655497,0.1880603008657498,18.010647,16.15756,19.545566,0.18811128772886399,4850.4125975,5130.616211,True
84,blockmix6_0_63_g1,non_compressible,global_cg,1104,0,0,88080384,88080384,7340032,117440512,0.75,35328,10,[8669626368],4,6.534491,5.900385,7.161066,0.1929271920337789,6.519831,5.892358,7.148432,0.19265438015187816,14075.923340000001,14088.462890499999,True
84,blockmix6_0_63_g16,generic_compressible,global_cg,1104,1,1,88080384,88080384,7340032,117440512,0.75,35328,10,[8757706752],4,37.9166635,37.369298,38.353101,0.02594645491420947,34.958377999999996,34.003971,35.812589,0.051736324837496836,2510.6860349999997,2730.0708004999997,True
84,blockmix6_0_63_g16,non_compressible,global_cg,1104,0,0,88080384,88080384,7340032,117440512,0.75,35328,10,[8669626368],4,6.8150145,5.904113,7.161157,0.18445213872985897,6.8046015,5.890393,7.149201,0.18499363996554377,13819.2709965,13799.136719,True
84,blockmix6_0_63_g2,generic_compressible,global_cg,1104,1,1,88080384,88080384,7340032,117440512,0.75,35328,10,[8757706752],4,18.1208345,17.05611,20.616322,0.19647064267376868,17.140848499999997,16.133349,19.530708,0.1982024985519242,5159.451171500001,5460.2568360000005,True
84,blockmix6_0_63_g2,non_compressible,global_cg,1104,0,0,88080384,88080384,7340032,117440512,0.75,35328,10,[8669626368],4,6.185753,5.903713,7.160658,0.20319999844804665,6.175719000000001,5.890945,7.148975,0.20370583570917,15266.777832,15272.821289,True
84,blockmix6_0_63_g4,generic_compressible,global_cg,1104,1,1,88080384,88080384,7340032,117440512,0.75,35328,10,[8757706752],4,17.112266499999997,17.071564,20.764382,0.2157994675924433,16.190078,16.134961,19.674145,0.21860203514769966,5658.9648435,5975.5683595,True
84,blockmix6_0_63_g4,non_compressible,global_cg,1104,0,0,88080384,88080384,7340032,117440512,0.75,35328,10,[8669626368],4,5.9048845,5.904052,7.157847,0.21233184154575763,5.8936325,5.891283,7.144818,0.2126931056525836,16570.376465,16584.470215,True
84,blockmix6_0_63_g8,generic_compressible,global_cg,1104,1,1,88080384,88080384,7340032,117440512,0.75,35328,10,[8757706752],4,19.662579,17.141714,20.754851,0.18375702393872126,18.605082,16.201788,19.634165,0.18448599151565143,4736.217285000001,5007.7954105,True
84,blockmix6_0_63_g8,non_compressible,global_cg,1104,0,0,88080384,88080384,7340032,117440512,0.75,35328,10,[8669626368],4,6.816115,5.904452,7.161474,0.18441913025235052,6.800434,5.892911,7.145044,0.1841254543460021,13803.935547,13811.6865235,True
84,blockmix6_0_63_hash,generic_compressible,global_cg,1104,1,1,88080384,88080384,7340032,117440512,0.75,35328,10,[8757706752],4,17.3065305,17.267653,17.375672,0.006241516749992282,16.3589965,16.339717,16.395881,0.003433217923849974,5575.3637695,5896.1494139999995,True
84,blockmix6_0_63_hash,non_compressible,global_cg,1104,0,0,88080384,88080384,7340032,117440512,0.75,35328,10,[8669626368],4,5.9040055,5.900508,5.904298,0.0006419370713661286,5.8920975,5.889994,5.893925,0.000667164791485642,16566.1459965,16585.4208985,True
86,blockmix6_0_63_g1,generic_compressible,global_cg,1104,1,1,90177536,90177528,7514794,120236704,0.75,35328,10,[8759803904],4,17.4324835,15.78861,19.14278,0.1924091882834708,16.620804999999997,15.054011,18.23969,0.19166815325731823,5610.5942385,5878.638672,True
86,blockmix6_0_63_g1,non_compressible,global_cg,1104,0,0,90177536,90177528,7514794,120236704,0.75,35328,10,[8669626368],4,6.4838235,5.860985,7.108428,0.19239311495755548,6.4719005,5.849158,7.094867,0.1924796278929195,15237.944824499999,15245.182617499999,True
86,blockmix6_0_63_g16,generic_compressible,global_cg,1104,1,1,90177536,90177528,7514794,120236704,0.75,35328,10,[8759803904],4,36.432503,34.64697,38.301124,0.10029928495442651,33.692182,31.781395,35.629738,0.11422065213823204,2630.5014650000003,2849.408203,True
86,blockmix6_0_63_g16,non_compressible,global_cg,1104,0,0,90177536,90177528,7514794,120236704,0.75,35328,10,[8669626368],4,6.4781855,5.857219,7.104408,0.19252134721983502,6.47231,5.850005,7.095534,0.19243963901605446,15223.9931645,15230.655761500002,True
86,blockmix6_0_63_g2,generic_compressible,global_cg,1104,1,1,90177536,90177528,7514794,120236704,0.75,35328,10,[8759803904],4,15.8318455,15.802734,19.083,0.2071941644453263,15.090695499999999,15.054613,18.196826,0.2082218808271628,5783.588867500001,6078.053222500001,True
86,blockmix6_0_63_g2,non_compressible,global_cg,1104,0,0,90177536,90177528,7514794,120236704,0.75,35328,10,[8669626368],4,5.8612125,5.860772,7.105703,0.21240161485358197,5.8512165,5.850127,7.090105,0.2119179832091328,16662.302734,15678.703125,True
86,blockmix6_0_63_g4,generic_compressible,global_cg,1104,1,1,90177536,90177528,7514794,120236704,0.75,35328,10,[8759803904],4,19.137552499999998,15.816442,19.194132,0.17649540086173504,18.250226,15.058824,18.303181,0.17777078486589692,5053.240234,5292.7148435,True
86,blockmix6_0_63_g4,non_compressible,global_cg,1104,0,0,90177536,90177528,7514794,120236704,0.75,35328,10,[8669626368],4,7.107355500000001,5.861319,7.109367,0.1755994898524493,7.094132,5.852974,7.097851,0.17547981909555682,13757.319336,13764.294922000001,True
86,blockmix6_0_63_g8,generic_compressible,global_cg,1104,1,1,90177536,90177528,7514794,120236704,0.75,35328,10,[8759803904],4,19.1612995,15.828843,19.231356,0.17757214222344372,18.247653,15.079312,18.331971,0.17825081395399175,5053.8164065,5296.118652499999,True
86,blockmix6_0_63_g8,non_compressible,global_cg,1104,0,0,90177536,90177528,7514794,120236704,0.75,35328,10,[8669626368],4,7.1072665,5.863112,7.10892,0.17528651838227824,7.093642,5.853004,7.097673,0.17546261849695827,13765.267090000001,13764.475586,True
86,blockmix6_0_63_hash,generic_compressible,global_cg,1104,1,1,90177536,90177528,7514794,120236704,0.75,35328,10,[8759803904],4,19.352506499999997,16.018137,19.385027,0.1739769471205191,18.4172415,15.258415,18.445032,0.17302357684781414,4991.3271485,5240.2416995,True
86,blockmix6_0_63_hash,non_compressible,global_cg,1104,0,0,90177536,90177528,7514794,120236704,0.75,35328,10,[8669626368],4,7.1055025,5.860741,7.108875,0.17565738665210523,7.0928854999999995,5.847706,7.093664,0.17566306406609847,13756.462402000001,13765.709961,True
88,blockmix6_0_63_g1,generic_compressible,global_cg,1104,1,1,92274688,92274684,7689557,123032912,0.75,35328,10,[8761901056],4,16.996346,14.832207,20.427451,0.329202759228366,16.2806165,14.199892,19.578061,0.33034185161231466,5493.9345705,5725.307617,True
88,blockmix6_0_63_g1,non_compressible,global_cg,1104,0,0,92274688,92274684,7689557,123032912,0.75,35328,10,[8669626368],4,7.060725,5.822317,8.111182,0.324168552096279,7.0490355000000005,5.812677,8.100023,0.32449063421513485,13863.057129,13867.788086,True
88,blockmix6_0_63_g16,generic_compressible,global_cg,1104,1,1,92274688,92274684,7689557,123032912,0.75,35328,10,[8761901056],4,38.151742999999996,37.979439,38.314106,0.008771997651588374,35.797307,35.343465,36.254762,0.025457138437815937,2500.9819335,2667.0043944999998,True
88,blockmix6_0_63_g16,non_compressible,global_cg,1104,0,0,92274688,92274684,7689557,123032912,0.75,35328,10,[8669626368],4,7.588163,6.382872,8.118405,0.22871583016864547,7.577792500000001,7.039159,8.104611,0.14060189692446717,12942.2441405,12939.413574,True
88,blockmix6_0_63_g2,generic_compressible,global_cg,1104,1,1,92274688,92274684,7689557,123032912,0.75,35328,10,[8761901056],4,16.4040415,14.845452,20.473695,0.34310099739750105,15.724129,14.212031,19.648157,0.34571873583586105,5574.9467775,5833.384277499999,True
88,blockmix6_0_63_g2,non_compressible,global_cg,1104,0,0,92274688,92274684,7689557,123032912,0.75,35328,10,[8669626368],4,6.7177904999999996,5.822527,8.121905,0.34228188568845663,6.705323,5.809571,8.107982,0.34277409156874317,14022.6362305,14000.3789065,True
88,blockmix6_0_63_g4,generic_compressible,global_cg,1104,1,1,92274688,92274684,7689557,123032912,0.75,35328,10,[8761901056],4,17.843973,14.760361,20.473324,0.32016205135481896,17.10606,14.148355,19.63212,0.3205744046261968,5440.109375,5670.091796500001,True
88,blockmix6_0_63_g4,non_compressible,global_cg,1104,0,0,92274688,92274684,7689557,123032912,0.75,35328,10,[8669626368],4,7.057418,5.822497,8.120971,0.32568199871397735,7.047324,5.812349,8.107692,0.32570419637297787,13885.178711,13885.298339500001,True
88,blockmix6_0_63_g8,generic_compressible,global_cg,1104,1,1,92274688,92274684,7689557,123032912,0.75,35328,10,[8761901056],4,17.884494500000002,14.759782,20.61745,0.3275277363863989,17.131718,14.135794,19.764952,0.328581056494159,5415.113281,5642.6162110000005,True
88,blockmix6_0_63_g8,non_compressible,global_cg,1104,0,0,92274688,92274684,7689557,123032912,0.75,35328,10,[8669626368],4,7.061980999999999,5.822527,8.12208,0.32562435384632166,7.049189,5.813156,8.107982,0.32554468322526176,13841.8310545,13845.6245115,True
88,blockmix6_0_63_hash,generic_compressible,global_cg,1104,1,1,92274688,92274684,7689557,123032912,0.75,35328,10,[8761901056],4,19.3401555,14.911834,20.691791,0.29885783493312645,18.533388,14.275742,19.852419,0.30089895058582933,5022.1000975,5236.8212889999995,True
88,blockmix6_0_63_hash,non_compressible,global_cg,1104,0,0,92274688,92274684,7689557,123032912,0.75,35328,10,[8669626368],4,7.5852129999999995,5.822287,8.115083,0.30227180172791457,7.571923,5.810228,8.106994,0.3033266450279539,12955.0546875,12956.724609500001,True
90,blockmix6_0_63_g1,generic_compressible,global_cg,1104,1,1,94371840,94371840,7864320,125829120,0.75,35328,10,[8763998208],4,16.5834835,13.87878,19.311844,0.32761898306830406,15.969052,13.368684,18.60317,0.3277894016501417,5582.4208985000005,5807.578125,True
90,blockmix6_0_63_g1,non_compressible,global_cg,1104,0,0,94371840,94371840,7864320,125829120,0.75,35328,10,[8669626368],4,6.924250000000001,5.784186,8.066386,0.32959526302487624,6.914168500000001,5.773463,8.052597,0.329632406268375,13469.5620115,13494.3969725,True
90,blockmix6_0_63_g16,generic_compressible,global_cg,1104,1,1,94371840,94371840,7864320,125829120,0.75,35328,10,[8763998208],4,37.28772,30.449429,38.171799,0.20710223097577438,35.047508,28.378752,36.098478,0.22026461909930947,2560.8398435,2726.408203,True
90,blockmix6_0_63_g16,non_compressible,global_cg,1104,0,0,94371840,94371840,7864320,125829120,0.75,35328,10,[8669626368],4,7.5361085,5.78774,8.063164,0.3019362048728465,7.525928,5.777535,8.055408,0.3026700494610099,13026.0620115,13030.2924805,True
90,blockmix6_0_63_g2,generic_compressible,global_cg,1104,1,1,94371840,94371840,7864320,125829120,0.75,35328,10,[8763998208],4,16.577481,13.869415,19.268724,0.325701413863783,15.961084,13.360468,18.557973,0.325636090882048,6008.2431639999995,6230.347168,True
90,blockmix6_0_63_g2,non_compressible,global_cg,1104,0,0,94371840,94371840,7864320,125829120,0.75,35328,10,[8669626368],4,6.922162,5.784393,8.06397,0.32931575423978804,6.913327000000001,5.775616,8.050991,0.32912879717681504,14503.977539,14519.3515625,True
90,blockmix6_0_63_g4,generic_compressible,global_cg,1104,1,1,94371840,94371840,7864320,125829120,0.75,35328,10,[8763998208],4,18.028734999999998,13.889864,19.307226,0.3004848648560202,17.3461445,13.366787,18.602863,0.3018582025533108,5398.7929685,5599.132324,True
90,blockmix6_0_63_g4,non_compressible,global_cg,1104,0,0,94371840,94371840,7864320,125829120,0.75,35328,10,[8669626368],4,7.538266,5.788391,8.066271,0.3021755931669167,7.5293695,6.327568,8.05604,0.22956397610716264,13025.7773435,13023.9501955,True
90,blockmix6_0_63_g8,generic_compressible,global_cg,1104,1,1,94371840,94371840,7864320,125829120,0.75,35328,10,[8763998208],4,16.5726245,13.889693,19.294046,0.32610121589371693,15.9726225,13.369316,18.571081,0.325667560226882,5581.661620999999,5804.9921875,True
90,blockmix6_0_63_g8,non_compressible,global_cg,1104,0,0,94371840,94371840,7864320,125829120,0.75,35328,10,[8669626368],4,6.922249000000001,5.784659,8.06305,0.3291402837430436,6.914509499999999,5.777003,8.052482,0.32908755132956286,13471.912109500001,13496.060547000001,True
90,blockmix6_0_63_hash,generic_compressible,global_cg,1104,1,1,94371840,94371840,7864320,125829120,0.75,35328,10,[8763998208],4,18.1959175,13.988344,19.422995,0.29867419436255416,17.513586,13.456203,18.682179,0.29839554275178143,5342.7226565,5545.8041995,True
90,blockmix6_0_63_hash,non_compressible,global_cg,1104,0,0,94371840,94371840,7864320,125829120,0.75,35328,10,[8669626368],4,7.535985999999999,5.784363,8.063164,0.30238922949166847,7.5253225,5.773669,8.049615,0.3024383340381757,13025.2885745,13025.903320500001,True
92,blockmix6_0_63_g1,generic_compressible,global_cg,1104,1,1,96468992,96468984,8039082,128625312,0.75,35328,10,[8766095360],4,17.0610875,13.163057,18.230279,0.29700463115261555,16.5038645,12.724363,17.637269,0.29768215801820236,5709.111816500001,5895.0097655,True
92,blockmix6_0_63_g1,non_compressible,global_cg,1104,0,0,96468992,96468984,8039082,128625312,0.75,35328,10,[8669626368],4,7.4928205,5.752136,8.01202,0.3016065845965481,7.484252,5.745295,8.004872,0.30191086564161673,13112.9682615,13108.393554499999,True
92,blockmix6_0_63_g16,generic_compressible,global_cg,1104,1,1,96468992,96468984,8039082,128625312,0.75,35328,10,[8766095360],4,36.2562335,34.566458,38.003698,0.09480411140886995,34.1618685,32.445427,35.913844,0.10152890202712406,2634.2050785,2793.7700194999998,True
92,blockmix6_0_63_g16,non_compressible,global_cg,1104,0,0,96468992,96468984,8039082,128625312,0.75,35328,10,[8669626368],4,7.4935875,6.974238,8.015826,0.1389972426424594,7.484658,6.963026,8.004928,0.1392050244647116,13108.0244145,13104.6416015,True
92,blockmix6_0_63_g2,generic_compressible,global_cg,1104,1,1,96468992,96468984,8039082,128625312,0.75,35328,10,[8766095360],4,17.074006,13.135527,18.233807,0.29859893454412506,16.5016295,12.693502,17.641948,0.2998762031349691,5705.796875,5889.8676755,True
92,blockmix6_0_63_g2,non_compressible,global_cg,1104,0,0,96468992,96468984,8039082,128625312,0.75,35328,10,[8669626368],4,7.494790999999999,5.750702,8.018953,0.30264366277858845,7.482926,5.741327,8.002548,0.3021840654310895,13108.284668,13108.5112305,True
92,blockmix6_0_63_g4,generic_compressible,global_cg,1104,1,1,96468992,96468984,8039082,128625312,0.75,35328,10,[8766095360],4,17.060746,15.893602,18.236748,0.13734135658546226,16.5137225,15.365427,17.645252,0.13805639521918808,5709.276367500001,5891.0356445,True
92,blockmix6_0_63_g4,non_compressible,global_cg,1104,0,0,96468992,96468984,8039082,128625312,0.75,35328,10,[8669626368],4,7.4926715,6.973635,8.011679,0.13854123993024398,7.48298,6.96324,8.005665,0.13930613204899658,13108.633789,13104.719238000001,True
92,blockmix6_0_63_g8,generic_compressible,global_cg,1104,1,1,96468992,96468984,8039082,128625312,0.75,35328,10,[8766095360],4,17.076899,13.136596,18.235571,0.29858904710978257,16.530188,12.688373,17.640846,0.2996017347171127,5700.217285000001,5882.612793,True
92,blockmix6_0_63_g8,non_compressible,global_cg,1104,0,0,96468992,96468984,8039082,128625312,0.75,35328,10,[8669626368],4,7.4929015,5.752194,8.012587,0.3016712551205964,7.4834665000000005,5.741356,8.006289,0.3026582667270577,13110.599609,13109.441406,True
92,blockmix6_0_63_hash,generic_compressible,global_cg,1104,1,1,96468992,96468984,8039082,128625312,0.75,35328,10,[8766095360],4,17.179371500000002,15.990721,18.386533,0.1394586524891204,16.5981475,15.451956,17.782923,0.1404353708749727,5666.076660000001,5850.8056639999995,True
92,blockmix6_0_63_hash,non_compressible,global_cg,1104,0,0,96468992,96468984,8039082,128625312,0.75,35328,10,[8669626368],4,7.492986500000001,6.968907,8.011793,0.13918162003895257,7.4834175,6.959211,8.005665,0.13983637823227166,13106.496093999998,13099.041015499999,True
94,blockmix6_0_63_g1,generic_compressible,global_cg,1104,1,1,98566144,98566140,8213845,131421520,0.75,35328,10,[8768192512],4,14.9127095,12.483944,17.340757,0.32568280096920016,14.468254,12.109257,16.828618,0.3261873201839005,6677.056152499999,6867.9262695,True
94,blockmix6_0_63_g1,non_compressible,global_cg,1104,0,0,98566144,98566140,8213845,131421520,0.75,35328,10,[8669626368],4,6.844296,5.720786,7.968535,0.32841200906565116,6.8356295,5.710787,7.961463,0.32925658127024005,14653.988281000002,14658.760254,True
94,blockmix6_0_63_g16,generic_compressible,global_cg,1104,1,1,98566144,98566140,8213845,131421520,0.75,35328,10,[8768192512],4,34.902335,27.229058,37.047222,0.2813039299519645,32.987362000000005,25.676752,35.079157,0.28503052168888193,2747.2158205,2902.050781,True
94,blockmix6_0_63_g16,non_compressible,global_cg,1104,0,0,98566144,98566140,8213845,131421520,0.75,35328,10,[8669626368],4,7.4517375,5.720236,7.968478,0.3017070850925707,7.442171500000001,5.711508,7.961688,0.3023553004657309,13182.7426755,13180.2802735,True
94,blockmix6_0_63_g2,generic_compressible,global_cg,1104,1,1,98566144,98566140,8213845,131421520,0.75,35328,10,[8768192512],4,16.208075,12.510745,17.305188,0.2958058251828179,15.733686500000001,12.143206,16.827364,0.2977152239559368,6013.6987305,6181.955566500001,True
94,blockmix6_0_63_g2,non_compressible,global_cg,1104,0,0,98566144,98566140,8213845,131421520,0.75,35328,10,[8669626368],4,7.4519785,5.721076,7.96831,0.30156206167261485,7.441374,5.711681,7.961688,0.3023644558115208,13183.450195000001,13180.0,True
94,blockmix6_0_63_g4,generic_compressible,global_cg,1104,1,1,98566144,98566140,8213845,131421520,0.75,35328,10,[8768192512],4,16.194166000000003,12.467697,17.370333,0.3027408759426079,15.7289065,12.09216,16.866278,0.3035251051940579,6032.441895,6200.293945,True
94,blockmix6_0_63_g4,non_compressible,global_cg,1104,0,0,98566144,98566140,8213845,131421520,0.75,35328,10,[8669626368],4,7.1170539999999995,5.720352,7.975168,0.3168187286481176,7.110312499999999,5.712403,7.961464,0.31630972618995307,13337.824219,13357.277832,True
94,blockmix6_0_63_g8,generic_compressible,global_cg,1104,1,1,98566144,98566140,8213845,131421520,0.75,35328,10,[8768192512],4,16.208848500000002,12.467697,17.338364,0.3004943256764969,15.7433,12.094358,16.831373,0.300890855157432,6011.96582,6179.943847500001,True
94,blockmix6_0_63_g8,non_compressible,global_cg,1104,0,0,98566144,98566140,8213845,131421520,0.75,35328,10,[8669626368],4,7.4520965,5.720728,7.968534,0.3016340435205046,7.442598,5.712345,7.961856,0.30224808595063174,13181.991211,13179.454590000001,True
94,blockmix6_0_63_hash,generic_compressible,global_cg,1104,1,1,98566144,98566140,8213845,131421520,0.75,35328,10,[8768192512],4,16.337435,12.602375,17.480726,0.2985995659661385,15.859684,12.221843,16.964735,0.2990533733206791,5957.8759764999995,6127.5112305,True
94,blockmix6_0_63_hash,non_compressible,global_cg,1104,0,0,98566144,98566140,8213845,131421520,0.75,35328,10,[8669626368],4,7.451999000000001,5.719137,7.968198,0.3018064012085885,7.4398885,5.710903,7.957205,0.30192683667235065,13178.484375,13176.434082,True
96,blockmix6_0_63_g1,generic_compressible,global_cg,1104,1,1,100663296,100663296,8388608,134217728,0.75,35328,10,[8770289664],4,15.512618999999999,11.913627,16.588349,0.3013496302590814,15.090988,11.602685,16.155482,0.30168978995941154,6296.549805,6455.9228514999995,True
96,blockmix6_0_63_g1,non_compressible,global_cg,1104,0,0,100663296,100663296,8388608,134217728,0.75,35328,10,[8669626368],4,7.41184,6.239181,7.926074,0.2275943625334599,7.4039465,6.230997,7.920188,0.22814738058952738,13255.009277000001,13245.672363000001,True
96,blockmix6_0_63_g16,generic_compressible,global_cg,1104,1,1,100663296,100663296,8388608,134217728,0.75,35328,10,[8770289664],4,33.1754885,31.058435,35.39215,0.13063002825112888,31.5827205,29.459947,33.724003,0.13501230839186268,2888.083008,3036.682617,True
96,blockmix6_0_63_g16,non_compressible,global_cg,1104,0,0,100663296,100663296,8388608,134217728,0.75,35328,10,[8669626368],4,7.4131465,6.900589,7.925575,0.13826598462609638,7.4061935000000005,6.891546,7.919689,0.13882205481128734,13249.7866215,13243.510742,True
96,blockmix6_0_63_g2,generic_compressible,global_cg,1104,1,1,100663296,100663296,8388608,134217728,0.75,35328,10,[8770289664],4,15.496963000000001,11.928587,16.5723,0.2996530997718713,15.0658,11.612458,16.122305,0.2993433471836876,6300.277344,6459.815918,True
96,blockmix6_0_63_g2,non_compressible,global_cg,1104,0,0,100663296,100663296,8388608,134217728,0.75,35328,10,[8669626368],4,7.413264,5.691409,7.926463,0.30149391684958204,7.4058245,5.684112,7.919245,0.301807448988293,13255.640136999999,13250.240234500001,True
96,blockmix6_0_63_g4,generic_compressible,global_cg,1104,1,1,100663296,100663296,8388608,134217728,0.75,35328,10,[8770289664],4,15.492961999999999,14.416466,16.575459,0.1393531462866816,15.082130000000001,14.022699,16.151328,0.14113583426213672,6296.4648435,6455.396973,True
96,blockmix6_0_63_g4,non_compressible,global_cg,1104,0,0,100663296,100663296,8388608,134217728,0.75,35328,10,[8669626368],4,7.413022,6.241248,7.925852,0.22724929185425327,7.401948,6.23134,7.918358,0.2279154082141619,13250.020996,13250.103515499999,True
96,blockmix6_0_63_g8,generic_compressible,global_cg,1104,1,1,100663296,100663296,8388608,134217728,0.75,35328,10,[8770289664],4,15.488854,11.914129,16.544409,0.29894271067439854,15.080034,11.597567,16.093385,0.298130494931245,6299.766113,6457.7993165,True
96,blockmix6_0_63_g8,non_compressible,global_cg,1104,0,0,100663296,100663296,8388608,134217728,0.75,35328,10,[8669626368],4,7.4148695,5.69118,7.931858,0.30218711199165404,7.404014,5.683798,7.91869,0.30184869990791474,13248.057129,13245.472656,True
96,blockmix6_0_63_hash,generic_compressible,global_cg,1104,1,1,100663296,100663296,8388608,134217728,0.75,35328,10,[8770289664],4,15.561036999999999,11.994143,16.643298,0.29876897021708787,15.149189,11.666023,16.184856,0.2982887730821763,6260.6474610000005,6419.9858395,True
96,blockmix6_0_63_hash,non_compressible,global_cg,1104,0,0,100663296,100663296,8388608,134217728,0.75,35328,10,[8669626368],4,7.408507999999999,5.691209,7.925296,0.30155693966990393,7.4012215,5.684312,7.915253,0.30142875740173425,13254.6821285,13246.173827999999,True
