size_mib,pattern,path,warps,non_compressible_hot_glookups_s,generic_compressible_hot_glookups_s,paired_hot_ratio,paired_hot_ratio_min,paired_hot_ratio_max,paired_hot_ratio_relative_range,paired_cold_ratio
36,uniform6_0,global_cg,1104,38.490867,38.502665,1.0012800119717733,1.0003065090541237,1.004619005605162,0.004306983560518686,1.1731354926107544
36,uniform6_1,global_cg,1104,38.384367,38.478421,1.001904639704453,1.0003747191165357,1.0031658237017198,0.002785798642480976,1.0001153272673098
36,uniform6_10,global_cg,1104,38.3576665,38.4339755,1.0011592057997076,1.000374693127939,1.0023819996743433,0.0020049823592252275,1.000038253432931
36,uniform6_11,global_cg,1104,38.342695500000005,38.3420495,1.0002776108973794,0.9995253294575265,1.0004410676037436,0.00091548399788296,0.999912773000235
36,uniform6_12,global_cg,1104,38.3518,38.44246699999999,1.00154796196693,1.0001356834906545,1.0030971397036117,0.0029568790766057837,0.9998729235794377
36,uniform6_13,global_cg,1104,38.3394435,38.409893999999994,1.0009890153813856,1.0001017699043493,1.0037436807337603,0.0036383124824036256,1.000830203526219
36,uniform6_14,global_cg,1104,38.348547499999995,38.3635185,1.0006968857926315,0.9999660760607053,1.001965181986537,0.001997713747503255,0.9999604214721122
36,uniform6_15,global_cg,1104,38.334894500000004,38.3980445,1.0016473438168685,1.000920036798354,1.0020600723185045,0.001138160578359154,0.999710261532419
36,uniform6_16,global_cg,1104,38.358312,38.426820500000005,1.0011370078888149,1.000101866032486,1.0034715348900627,0.0033658418688192623,1.0004423454982772
36,uniform6_17,global_cg,1104,38.3531005,38.388266,1.0005771114228295,0.9999659359136311,1.0011548089308666,0.0011881873007717337,0.9999736247891324
36,uniform6_18,global_cg,1104,38.334894500000004,38.3817905,1.0002719199636556,1.0000339331458081,1.00258300475297,0.002548378652131422,1.0000791570065397
36,uniform6_19,global_cg,1104,38.342044,38.393505000000005,1.0013422000082937,1.0002724997086667,1.003661283951171,0.0033842419129805467,1.0002039412284476
36,uniform6_2,global_cg,1104,38.3622125,38.4777665,1.0027392466184786,1.0021502254038166,1.003437959771675,0.001284216581928897,0.9999868116988777
36,uniform6_20,global_cg,1104,38.336844,38.3798175,1.0003567131038826,0.9947395046399704,1.0018007430350409,0.007058720456986795,1.0002918309429525
36,uniform6_21,global_cg,1104,38.421595499999995,38.5059445,1.0032690694577304,1.001022002199448,1.0040006482778432,0.0029689404059921026,1.161761345693705
36,uniform6_22,global_cg,1104,38.3024735,38.345959,1.0009981679247706,1.0001696982481014,1.001698873089022,0.0015276499897005267,1.0003946140737907
36,uniform6_23,global_cg,1104,38.347246999999996,38.4581465,1.0012580793620365,0.9999321712936398,1.0035061113388795,0.00356944939462249,0.9998931177245959
36,uniform6_24,global_cg,1104,38.343346,38.381769500000004,1.0002115449354623,0.9996936210526469,1.0019026804412412,0.0022085921721057703,1.0000617484552328
36,uniform6_25,global_cg,1104,38.342045,38.424225500000006,1.0004536041869854,0.9999659855637432,1.003676067640521,0.0037083999310420727,1.0002820225962
36,uniform6_26,global_cg,1104,38.424802,38.3778645,0.9998128688299737,0.9976595197550997,1.0011138040254488,0.003454930795591245,1.0001585413185285
36,uniform6_27,global_cg,1104,38.346596500000004,38.362217,1.000152946515052,0.9995592568372954,1.0007807472459682,0.001221303614541145,1.0000000031334986
36,uniform6_28,global_cg,1104,38.346596500000004,38.339444,0.9999491332645225,0.9996609170498907,1.000136178395621,0.00047528552195331487,1.00018874833638
36,uniform6_29,global_cg,1104,38.3550525,38.385019,1.000220568497336,0.9997276728566213,1.0012910111306792,0.0015629935269242776,0.9996722732391528
36,uniform6_3,global_cg,1104,38.344646499999996,38.3785265,1.000802798952678,0.9997286959081112,1.0020388656598158,0.0023083166375255613,1.0002420526712612
36,uniform6_30,global_cg,1104,38.334246,38.3830935,1.0015186559367697,1.0004748137986,1.002073284226122,0.0015960465819050652,1.0001004611387743
36,uniform6_31,global_cg,1104,29.822618,29.8531545,1.0012159471917497,1.000135717231935,1.0020040704964082,0.0018660842046250281,1.0002905620480538
36,uniform6_32,global_cg,1104,29.009549,29.020173999999997,1.0004500511111827,1.0,1.0012717821157013,0.001271210006225488,1.000247494025766
36,uniform6_33,global_cg,1104,38.344646499999996,38.3518,1.000135640892836,1.0000340652467703,1.0002035313643527,0.0001694431341643923,1.0007414557259116
36,uniform6_34,global_cg,1104,38.4066175,38.391542,1.0000169636956313,0.9987425727197682,1.0006448080342423,0.0019022030460805852,1.0000660301000628
36,uniform6_35,global_cg,1104,38.351156,38.4099175,1.0000677699688616,0.9997287419820549,1.002995429456793,0.003266466106431919,1.0007918323855651
36,uniform6_36,global_cg,1104,38.3759055,38.4151065,1.000322287752023,0.9997276543130719,1.0019060036432745,0.0021776475010848438,1.0001319776413076
36,uniform6_37,global_cg,1104,38.364814499999994,38.410572,0.999932673575172,0.9992878611950191,1.00309765688038,0.00381005220255409,1.0003964184779113
36,uniform6_38,global_cg,1104,38.342697,38.42284,1.0019199621209456,1.0009541322010302,1.0024129891168154,0.0014560613331796998,0.9997624351469907
36,uniform6_39,global_cg,1104,38.3498485,38.4529195,1.0010876239892705,0.9998637826223089,1.003335844994646,0.00346829017673902,1.0
36,uniform6_4,global_cg,1104,29.868860499999997,29.918627,1.001756041077936,1.0007319489998663,1.0021542122493665,0.001419770074927436,1.0
36,uniform6_40,global_cg,1104,38.4125045,38.452253999999996,1.0005951087587013,0.9988780602868531,1.0033689698397508,0.004488238562817786,1.0000791552665556
36,uniform6_41,global_cg,1104,38.35831,38.475147,1.0014295273374518,0.9998643165128838,1.0035393028036732,0.003669740296713938,0.9999076182611031
36,uniform6_42,global_cg,1104,38.385681500000004,38.513816,1.0029869341054194,1.0010815684112582,1.0043274919422673,0.0032362570444691365,1.20108533914479
36,uniform6_43,global_cg,1104,29.003086,29.0200305,1.0002344687943279,0.9999999739247201,1.0017241841579274,0.0017238060544800971,1.000490255288693
36,uniform6_44,global_cg,1104,38.342695500000005,38.381125,1.0010367957201938,0.9999660749098326,1.0026283276602062,0.0026594953969281626,1.000290678113728
36,uniform6_45,global_cg,1104,38.349849000000006,38.414460500000004,1.000223574307276,1.0001021298609631,1.0031654714221163,0.003062656829774036,0.999525851348148
36,uniform6_46,global_cg,1104,38.343345,38.3433455,0.99998330504999,0.9998643686652134,1.0001356804185195,0.0002713162829178607,1.0000659448198803
36,uniform6_47,global_cg,1104,38.353106499999996,38.475801000000004,1.001577353191681,1.000170334574194,1.0035052745790596,0.0033296879110119356,1.0000263926637847
36,uniform6_48,global_cg,1104,19.721165499999998,19.7241125,1.000744534968566,0.9993202865478362,1.0010104770028811,0.0016889329853777483,1.0000317456021548
36,uniform6_49,global_cg,1104,19.658406999999997,19.6868305,1.0005121524328164,1.0000678647449117,1.002213138747922,0.0021441758581282177,0.9999391046485481
36,uniform6_5,global_cg,1104,38.349848,38.4255215,1.000748692133562,1.0000339262411182,1.003675847425021,0.0036391965460761855,0.9998944629094795
36,uniform6_50,global_cg,1104,38.326446000000004,38.3258005,1.00069559988298,0.9993221748185401,1.001064958498737,0.0017415722427486116,0.999723519471533
36,uniform6_51,global_cg,1104,38.3583175,38.354402500000006,1.000390840939831,0.9992876338738276,1.0004749919230507,0.0011868941623931876,0.9999472272521218
36,uniform6_52,global_cg,1104,38.383721,38.342695,0.9997455195659158,0.9983040547467852,1.0004068844716905,0.002103364990141004,1.000118828771611
36,uniform6_53,global_cg,1104,38.3732965,38.3720065,1.0000679216250672,0.9997626206203692,1.0007161662016375,0.0009534808193015384,0.9999868134364139
36,uniform6_54,global_cg,1104,38.340095000000005,38.4118725,1.0013808221253742,0.999864342590817,1.0038805911045177,0.004010710435992151,1.000026377297988
36,uniform6_55,global_cg,1104,38.347896500000004,38.381778499999996,1.0011246015251958,1.0000678831653271,1.0016990913651238,0.0016293758012854316,0.9999074320986335
36,uniform6_56,global_cg,1104,38.332293,38.3420455,1.0002718091947886,1.000169601658898,1.001571956578694,0.0014019738504127274,0.9993677259524687
36,uniform6_57,global_cg,1104,38.342695500000005,38.338803,1.0004587600524835,0.9992881747856993,1.0014630635205357,0.0021738914402851615,0.9988758942376254
36,uniform6_58,global_cg,1104,38.389611,38.3908895,0.999151587831431,0.9748818778579805,1.0017670773714746,0.02690802861240107,1.000039587574672
36,uniform6_59,global_cg,1104,38.347249000000005,38.355703500000004,1.0002378990564669,1.0,1.0004410415205027,0.00044093662209636895,1.000079181381555
36,uniform6_6,global_cg,1104,38.3739525,38.4686005,1.0018718944223766,0.9981690306510166,1.00364112645654,0.005461871758243333,1.0000555808002423
36,uniform6_60,global_cg,1104,38.335544,38.346597,1.000374385075748,1.0001356205654306,1.000678498645625,0.0005426749108067866,0.999657012678602
36,uniform6_61,global_cg,1104,38.3491985,38.384368499999994,1.0005979437077188,0.9997616504325657,1.0014268989618336,0.0016642533994196272,0.9998549150615308
36,uniform6_62,global_cg,1104,38.339445,38.357656,1.0004750128172937,1.00013622387724,1.0015934409113547,0.0014565251659921646,0.9998547424429811
36,uniform6_63,global_cg,1104,38.478421,38.512504,1.0024007843764384,1.0007833761651748,1.004069882309973,0.0032786348494755284,1.287774864206649
36,uniform6_7,global_cg,1104,38.3478975,38.431331,1.0012070201759533,0.9998643211125762,1.0023800286632996,0.002512674701662875,1.00007913258827
36,uniform6_8,global_cg,1104,38.349199999999996,38.417666999999994,1.0016480191191968,0.9990834992292068,1.0034046341879646,0.004314025362479678,0.9999957393640253
36,uniform6_9,global_cg,1104,38.3504985,38.464674,1.0017523827824406,0.9998982577062422,1.0034707804330958,0.0035662732510110496,1.0001312986306459
40,uniform6_0,global_cg,1104,16.823233,38.503323,2.289039783069219,2.286142308483611,2.2983278473211683,0.005323428158692195,2.4962097563251153
40,uniform6_1,global_cg,1104,16.821859500000002,16.716019000000003,0.9937601212015851,0.992829281053454,0.9947038108854626,0.0018863001161104967,0.995684918958079
40,uniform6_10,global_cg,1104,16.8138505,16.722325,0.9943715938134559,0.9940703545019963,0.9956915780210454,0.0016304000729059167,0.9964763246268062
40,uniform6_11,global_cg,1104,16.814600499999997,16.715154,0.99405639859771,0.9939083463806757,0.996000856551429,0.0021050215799678397,0.9949405318894722
40,uniform6_12,global_cg,1104,16.812599499999997,16.717501499999997,0.9944693227853423,0.9941305921826841,0.9946890609202705,0.0005615746255724541,0.9961838127445956
40,uniform6_13,global_cg,1104,16.8233585,16.730494999999998,0.9938347014872114,0.9933910072482467,0.9957800367505271,0.002403849954831863,0.9966874912232986
40,uniform6_14,global_cg,1104,16.811974,16.7213345,0.9945061803499033,0.9940662995192092,0.9946597590366891,0.0005967378878139401,0.9965059103604976
40,uniform6_15,global_cg,1104,16.8167285,16.72381,0.9944748682556344,0.9925931257736156,0.9953089879284392,0.002730951018991002,0.995963131898566
40,uniform6_16,global_cg,1104,16.8254855,16.7163895,0.9939155398335897,0.9932420617754051,0.9944793228692116,0.0012448352442639755,0.9969711112138269
40,uniform6_17,global_cg,1104,16.8204815,16.723316,0.9946525015163843,0.9929059005970333,0.9952302112335875,0.0023368067068756594,0.9960634467879305
40,uniform6_18,global_cg,1104,16.828876,16.730875,0.9949023257664655,0.9925480311033125,0.9965672871317044,0.004039849866966107,0.9966650791202607
40,uniform6_19,global_cg,1104,16.81235,16.718615,0.9940401732860997,0.993308489376383,0.9949103595136692,0.0016114742445375448,0.9963346337658749
40,uniform6_2,global_cg,1104,16.812725,16.7166365,0.9939594787978805,0.9933521287605723,0.9953085733930952,0.0019683343981879847,0.995913434736968
40,uniform6_20,global_cg,1104,16.823363,16.7249235,0.9941487433470049,0.9928573473249008,0.9955875478049855,0.0027462696084017335,0.9949802185253138
40,uniform6_21,global_cg,1104,16.8156015,38.509223000000006,2.2901705220398947,2.2882158217276753,2.2922038617103255,0.0017413725066629387,2.3074212405980132
40,uniform6_22,global_cg,1104,16.8229835,16.716390500000003,0.9936639475580765,0.9931827806127904,0.9940420251488096,0.0008647234692682,0.9961595160416905
40,uniform6_23,global_cg,1104,16.8141005,16.715895,0.9944996370840677,0.9930651937493293,0.9949234416250792,0.001868525443808441,0.9965233807867961
40,uniform6_24,global_cg,1104,16.8312495,16.7162665,0.9933164115172793,0.9926868828792204,0.9945808330873352,0.0019066937646000479,0.9957189764645293
40,uniform6_25,global_cg,1104,16.818351999999997,16.726035,0.9943111900602519,0.9939964683428987,0.9955287700890999,0.0015410685925282338,0.9960685223289227
40,uniform6_26,global_cg,1104,16.8211065,16.733846,0.9933435425682322,0.9925587982612616,0.9962074993580325,0.003673151271852486,0.9963228683372485
40,uniform6_27,global_cg,1104,16.8132245,16.729135,0.9947094722298695,0.9941745476606831,0.9956023574238156,0.0014354038068339096,0.9959818315995419
40,uniform6_28,global_cg,1104,16.816477499999998,16.7278915,0.9944527812009096,0.9931206930848868,0.9969944839604549,0.003895399508954088,0.9952452371231806
40,uniform6_29,global_cg,1104,16.8187275,16.7307385,0.9949025054456437,0.9947608977720157,0.9950728293232837,0.00031352976755068143,0.9952054907820225
40,uniform6_3,global_cg,1104,16.811224000000003,16.724187,0.9948227353822952,0.9931850812757149,0.9962230776553465,0.0030538067452429906,0.9965437609365051
40,uniform6_30,global_cg,1104,16.815851000000002,16.7339635,0.9952704630439977,0.9935086458375867,0.9958973047401243,0.0024000098377600435,0.9967611779364313
40,uniform6_31,global_cg,1104,16.823358,16.716514,0.9937592617737001,0.9926958583693741,0.9944405476876765,0.0017556458444356199,0.9957313646840724
40,uniform6_32,global_cg,1104,16.836136500000002,16.719604500000003,0.9940104265337588,0.9926072170284491,0.9951733037215632,0.002581549070931138,0.996964890509368
40,uniform6_33,global_cg,1104,16.814225,16.725669,0.9947112691090174,0.9933311810471412,0.995897711718435,0.002580176530615408,0.9958651207985875
40,uniform6_34,global_cg,1104,16.825987,16.7178725,0.99384180526933,0.9926349331123138,0.9951127082186716,0.0024931282757685493,0.9951827165866955
40,uniform6_35,global_cg,1104,16.822986999999998,16.7183675,0.9937814909597769,0.9924300720393608,0.9956464951957819,0.0032365496698018048,0.9957052060512563
40,uniform6_36,global_cg,1104,16.8135995,16.720222,0.9942479374503923,0.9936684105181044,0.99520419178237,0.0015446662813340712,0.9949125097612816
40,uniform6_37,global_cg,1104,16.8237335,16.734825999999998,0.9945106479169674,0.9933250181098751,0.9951436088114324,0.0018286286882562939,0.9964889059966839
40,uniform6_38,global_cg,1104,16.826251,16.736813499999997,0.9946407206160581,0.9934674591747416,0.9951470890090047,0.0016886799418616698,0.9970881842698862
40,uniform6_39,global_cg,1104,16.8348865,16.724179499999998,0.9940100611348548,0.9931343049641514,0.9945968059283201,0.0014713140453517534,0.9961196969203205
40,uniform6_4,global_cg,1104,16.8184775,16.722944499999997,0.9943193959402004,0.9934812091171044,0.995057533822869,0.0015853303397286172,0.996109443900645
40,uniform6_40,global_cg,1104,16.8141,16.7271505,0.9947259271737403,0.9931959447227084,0.995867861009005,0.0026860828830391117,0.9960973524971355
40,uniform6_41,global_cg,1104,16.8137245,16.7171315,0.9942477171653081,0.9938504952467611,0.9954594854500273,0.0016182991175012133,0.9953263857643001
40,uniform6_42,global_cg,1104,16.8269885,38.5131595,2.28960789287005,1.8881092827827044,2.2968344083291496,0.17851315363614664,2.3064227041049006
40,uniform6_43,global_cg,1104,16.8172265,16.7142895,0.993989319968686,0.9929903155926039,0.9958370996334465,0.0028639986201584957,0.9964470026225125
40,uniform6_44,global_cg,1104,16.813727,16.715896,0.9944602583942559,0.993937044193255,0.9946414211087211,0.0007083007184253377,0.9961964061426791
40,uniform6_45,global_cg,1104,16.8202305,16.730629999999998,0.9947837899076066,0.9940120486943282,1.0018826973654162,0.00791191890231646,0.9957716356880195
40,uniform6_46,global_cg,1104,16.815725999999998,16.721211500000003,0.9943725817269113,0.9939812485838277,0.9947777077432784,0.0008009665331555138,0.996122770802431
40,uniform6_47,global_cg,1104,16.8178535,16.72171,0.9937503728662586,0.9932931271876217,0.9949955883114359,0.00171316778367965,0.9962050145939967
40,uniform6_48,global_cg,1104,16.828874499999998,16.722697500000002,0.993018119337191,0.992645712692557,0.995381531479284,0.0027550542466970216,0.9958722984267625
40,uniform6_49,global_cg,1104,16.81335,16.744492,0.9952864197805583,0.9942398139959336,0.9959708216737987,0.0017392055628034217,0.9971317964636683
40,uniform6_5,global_cg,1104,16.8123495,16.7167605,0.9943146844256425,0.993656488094948,0.9959270979561732,0.0022835928069761735,0.9963002114238634
40,uniform6_50,global_cg,1104,16.825236,16.7401525,0.9949440330945083,0.9933606744707121,0.9958097694587914,0.002461540455157129,0.9967800293271343
40,uniform6_51,global_cg,1104,16.816477,16.717255,0.9942254629369891,0.99299238678251,0.9954106706872812,0.002432329481511611,0.9956790624610078
40,uniform6_52,global_cg,1104,16.8316265,16.7172555,0.9938272819735466,0.9926367401670334,0.9946153869908444,0.0019909363122752946,0.9949679453820399
40,uniform6_53,global_cg,1104,16.81773,16.735201,0.9943345559097019,0.9929122490490104,0.9961639304274363,0.003270208562198659,0.9961944007779728
40,uniform6_54,global_cg,1104,16.817103,16.726658999999998,0.9945269702643866,0.9928872969108973,0.9961189908079358,0.0032494783888860857,0.9966046957491813
40,uniform6_55,global_cg,1104,16.816601499999997,16.718244,0.9941218052312186,0.9930487748092165,0.9944100738467213,0.0013693483337167082,0.9965919774560281
40,uniform6_56,global_cg,1104,16.81135,16.7199745,0.9948461494605655,0.9945274001730818,0.9951749176366108,0.0006508719603328435,0.9963974537357894
40,uniform6_57,global_cg,1104,16.8283825,16.730254000000002,0.9941175964280023,0.9935219839051627,0.9944548214736867,0.0009383573652411301,0.9963811714208107
40,uniform6_58,global_cg,1104,16.827114,16.7204695,0.9936106194521169,0.9931253675920508,0.9951165730295306,0.002004009818833995,0.996795006337731
40,uniform6_59,global_cg,1104,16.8320005,16.7334655,0.9941459381230531,0.9934324420321555,0.994880915558305,0.0014570029113474383,0.9957133112819121
40,uniform6_6,global_cg,1104,16.8201075,16.717996499999998,0.9938259506313035,0.9925975670716792,0.9955436855326631,0.0029644209422308465,0.9964354019599602
40,uniform6_60,global_cg,1104,16.8115995,16.716638500000002,0.9943810495654076,0.9926580557120651,0.9947340147125421,0.0020876896250026705,0.9968624257747211
40,uniform6_61,global_cg,1104,16.8133495,16.732232,0.9943582792129576,0.9929669744130423,0.9959122309440519,0.0029619671224951493,0.9973381831830065
40,uniform6_62,global_cg,1104,16.8152265,16.7255435,0.9946665224616656,0.9944989616063533,0.9949490994285755,0.0004525514954581063,0.9961594010987667
40,uniform6_63,global_cg,1104,18.6208725,38.511847,2.0876186105273877,1.8853347085260364,2.2969369869686598,0.1971635414471812,2.277601666841347
40,uniform6_7,global_cg,1104,16.812224,16.720222,0.9945276771695066,0.9940566870968605,0.9960313786620338,0.0019855571750335673,0.9958725896034866
40,uniform6_8,global_cg,1104,16.8224875,16.7192325,0.9937375493808449,0.9929303417721032,0.9952056326632598,0.0022896295833585737,0.9953796914883515
40,uniform6_9,global_cg,1104,16.8142255,16.7181195,0.994232811550765,0.9933301539059515,0.994572624843698,0.001249678066657834,0.9965737293535537
64,uniform6_0,global_cg,1104,7.3535485000000005,38.5125035,5.286197761425192,4.773424108041334,5.797288536639149,0.1936863649084847,5.303078605345628
64,uniform6_1,global_cg,1104,7.6735005,7.3582665,1.0004045675470934,0.9124473993029223,1.0008637115511,0.08838055634328726,1.0000195281752347
64,uniform6_10,global_cg,1104,7.353485,7.35481,1.0000357124689503,1.0000060312294043,1.0003469276807049,0.00034088427748135675,1.0002712593918168
64,uniform6_11,global_cg,1104,8.063653500000001,8.0642575,1.0003603780366679,0.9999429581671317,1.0005819503542894,0.0006387619913653368,1.0000430633311947
64,uniform6_12,global_cg,1104,7.3544355,7.3588615,1.000610433525111,0.9999589230743536,1.000799594746335,0.0008401588108768534,1.0002088960981113
64,uniform6_13,global_cg,1104,8.0631935,8.0635385,0.9999285343576494,0.9994936388771303,1.0004066699325935,0.0009130963104776099,1.0003294248604508
64,uniform6_14,global_cg,1104,6.6452860000000005,6.6479625,1.000457275752206,1.0002880558846476,1.000829024843342,0.0005407216997723791,1.0003772832197253
64,uniform6_15,global_cg,1104,8.063826,8.065552,1.0002925967479117,0.999400688984599,1.000442385298868,0.0010413916064716245,1.0000958750394235
64,uniform6_16,global_cg,1104,7.672004,7.3574795,1.000226303801904,0.9131623988439068,1.0008566360582885,0.08767439616519981,1.0005992430361872
64,uniform6_17,global_cg,1104,7.355190500000001,7.356701,1.000194768234902,0.9999177077810828,1.0009138635544292,0.0009959617916262562,1.0001846662602243
64,uniform6_18,global_cg,1104,8.0635675,8.063251000000001,1.0001962644739777,0.9998929799961881,1.0004880596992456,0.0005949629329704238,0.9999893481216664
64,uniform6_19,global_cg,1104,6.967560000000001,6.9682145,0.9999882667198867,0.9999073716654264,1.000206363373794,0.000298995216562297,1.0002960836726569
64,uniform6_2,global_cg,1104,8.0642575,8.0628195,0.999885857643814,0.9992154012848778,1.0008576139740275,0.0016424001565733296,1.0002876252013748
64,uniform6_20,global_cg,1104,6.6450125,6.6463015,1.0001939973472735,1.0000352228696976,1.0007865911810072,0.0007512225761226395,1.0004562547647258
64,uniform6_21,global_cg,1104,7.3521085,38.4085565,5.270974368159389,4.772972107215439,5.774317248398131,0.18997344157686716,4.683788938185197
64,uniform6_22,global_cg,1104,7.354648,7.354869000000001,1.0000896222237532,1.0000058678214538,1.0007924136622535,0.0007864753551293702,1.0001907446132847
64,uniform6_23,global_cg,1104,6.966120500000001,6.9689175,1.0001728302572075,0.9995148569032329,1.0004410334115537,0.0009260164646569546,1.0002977564751174
64,uniform6_24,global_cg,1104,8.0637395,8.063682,0.9999928743470938,0.9995648919630463,1.00075665076927,0.0011917672983437991,1.0001774882861896
64,uniform6_25,global_cg,1104,8.064142499999999,8.0666165,1.0005031438842915,0.9999928099755887,1.095871843397977,0.09583081673302246,1.0002201301539697
64,uniform6_26,global_cg,1104,7.3560995,7.357977,1.0005060013777691,0.9996297142994651,1.000828169468921,0.0011978490561830374,1.0000390582708287
64,uniform6_27,global_cg,1104,7.3560135,7.356484,1.0000593809651093,0.9996003111433284,1.0003711783542375,0.0007708214387881697,1.0002316588087736
64,uniform6_28,global_cg,1104,6.646106,6.965052,1.0002528357231535,0.9997574966813867,1.0957923754276337,0.09601060383579582,1.0006144299461175
64,uniform6_29,global_cg,1104,7.3549745,7.3577984999999995,1.0003838127466227,0.9999765266445907,1.000706703702785,0.0007298969144548484,1.0005257125013152
64,uniform6_3,global_cg,1104,7.673574,8.063222,1.0005295116758637,0.9999429524724646,1.1070113700155533,0.10701175357011869,1.000352938880674
64,uniform6_30,global_cg,1104,8.063222,8.0669635,1.0002836843010625,1.0001000091086363,1.0008138845757155,0.0007136730092504228,1.0001491953019048
64,uniform6_31,global_cg,1104,7.354849,7.357272999999999,1.0004586551836412,0.9998787699538396,1.000906703091881,0.001027461887320779,1.0003018460499975
64,uniform6_32,global_cg,1104,6.6439965,6.646243,1.0003381261314175,0.9999706419167487,1.0008637986154916,0.0008928548012030546,1.000628907179486
64,uniform6_33,global_cg,1104,7.353491999999999,7.675142,1.0004333573508282,0.9999714884421584,1.0966891950674935,0.09667581145179516,1.0000161953718525
64,uniform6_34,global_cg,1104,7.3522095,7.3552919999999995,1.0006048383981159,1.0000214539130883,1.000729022315129,0.0007071406961948523,1.000470628722835
64,uniform6_35,global_cg,1104,7.673743,7.675276500000001,1.000416332975251,0.9999549714288224,1.00078523237335,0.0008299154233701205,1.0000284660151253
64,uniform6_36,global_cg,1104,7.354578,7.3554645,1.000253288621785,0.9999941319021997,1.0007877878429519,0.0007934549676370013,1.0002148444725372
64,uniform6_37,global_cg,1104,6.6464385,6.6476109999999995,1.000147067518864,0.9991084469294205,1.0004645067753868,0.0013558604429350493,0.9999362674549703
64,uniform6_38,global_cg,1104,7.354549,7.3550045,1.0000753554425028,0.999970659510998,1.0007923857545686,0.0008216643266917596,1.000203199801323
64,uniform6_39,global_cg,1104,8.063107,8.066876,1.0006804283795157,1.0001782204004688,1.0009067160236353,0.0007280002711218032,1.000181714430607
64,uniform6_4,global_cg,1104,6.646165,6.646087,1.0002708020064834,0.9999059643997769,1.0005173227074406,0.0006111927954284394,0.9998388246943231
64,uniform6_40,global_cg,1104,8.0651495,8.065207000000001,1.0000393122645566,0.9996149397906418,1.0007852155275254,0.0011702297325028276,1.0001314339697505
64,uniform6_41,global_cg,1104,6.6447590000000005,6.646145000000001,1.0002097414057316,1.0000352106529982,1.0007289145542297,0.0006935584333108197,1.000122865286092
64,uniform6_42,global_cg,1104,8.0627625,38.420231,4.767703658995499,4.755400823917036,5.778709976759049,0.21463354814665908,4.317701326777296
64,uniform6_43,global_cg,1104,6.9663319999999995,6.9676665,1.0001322101679875,0.9999928064870602,1.0003288158662713,0.0003359649612271157,1.0003138576403683
64,uniform6_44,global_cg,1104,7.676144000000001,7.6781355,1.0002408930618003,0.9999647916198037,1.000342416485599,0.00037753392049324856,1.0002948958609164
64,uniform6_45,global_cg,1104,7.6749955,7.355933,0.9997604102644632,0.9123895747200369,1.0008279745257687,0.08845959381641993,1.0000121701506302
64,uniform6_46,global_cg,1104,6.647611,6.9677745,1.0001625422602332,0.999988263873268,1.09600359291146,0.09599972502590452,1.000038162875808
64,uniform6_47,global_cg,1104,7.6729065,7.3564245,0.9998395202787989,0.9130795551084114,1.000411508944901,0.08734597109357876,1.0003584866782163
64,uniform6_48,global_cg,1104,6.6474545,6.647572,1.000017674944107,0.9995934207040837,1.0005584189141559,0.0009649811540841584,1.000172237671499
64,uniform6_49,global_cg,1104,7.3563755,7.353963,0.9996136792287111,0.9992538620425673,0.9997504369522909,0.0004967668210651218,1.000200733620262
64,uniform6_5,global_cg,1104,8.063826,8.067796999999999,1.0006756710991707,0.9995076766140444,1.000835238300866,0.001326665297421947,1.0001030446675385
64,uniform6_50,global_cg,1104,6.6445245,6.6479634999999995,1.0004968621693022,1.0004922595320247,1.0005412223500003,4.893850228520958e-05,1.0002925351378473
64,uniform6_51,global_cg,1104,6.6437235,6.646438,1.000403783730645,1.0003526595163432,1.0004645040486058,0.00011179938948796815,1.0003568975376216
64,uniform6_52,global_cg,1104,6.644583,6.646126000000001,1.000235239585494,0.9997120607703797,1.0003995978225266,0.0006873753542535558,1.0001629359218103
64,uniform6_53,global_cg,1104,6.644915,6.646243500000001,1.0001793420488057,0.9132502207425048,1.0004116812716932,0.08714583161720128,1.0001813100613652
64,uniform6_54,global_cg,1104,7.354674,7.35506,1.0003561727588801,0.9999589237974754,1.0007923179510303,0.0008330974269459071,1.0003553636993878
64,uniform6_55,global_cg,1104,7.354585,7.3561885,1.0001786126487664,1.0000410783719662,1.0003638692020438,0.00032273318584841024,1.0002175310133876
64,uniform6_56,global_cg,1104,6.6471219999999995,6.648842,1.0003793000197458,1.0000353459572047,1.000828057263812,0.0007924107451959969,1.0001871816145234
64,uniform6_57,global_cg,1104,6.643392,6.6468095,1.0005144308547391,0.9999857394409862,1.0006289205903813,0.0006428504472900312,1.00016079630486
64,uniform6_58,global_cg,1104,7.354871,7.355174999999999,1.0000580135693498,0.9999530593564437,1.0001354326216505,0.00018236268569644544,1.0004710510919441
64,uniform6_59,global_cg,1104,6.6439775,6.645872000000001,1.000116124247516,0.9996885947253756,1.0003528058905338,0.0006641340430921311,1.0005002226439366
64,uniform6_6,global_cg,1104,7.352608,7.357842,1.00065553399372,1.0004783015608276,1.0007993481188964,0.0003208362390076626,1.000289617284809
64,uniform6_60,global_cg,1104,6.646223,6.645716,0.9999237165544665,0.999688587413543,1.1060960767586405,0.10641560709426516,1.0002485978211595
64,uniform6_61,global_cg,1104,7.3559145,7.3551935,1.0001105841987625,0.9996238309769249,1.000329314036454,0.0007054050528765352,1.0001668428005945
64,uniform6_62,global_cg,1104,7.355097000000001,7.357176000000001,1.0005393593366527,1.000049982158974,1.0005702861924348,0.0005200235539018514,0.9999964491724578
64,uniform6_63,global_cg,1104,6.6452279999999995,38.5118475,5.795415568273409,4.775136363348875,5.800804167033669,0.1769791642379779,5.773043157163775
64,uniform6_7,global_cg,1104,8.062446,8.063711000000001,1.0000297890551066,0.9992510439102151,1.0009350153189696,0.0016839212463316234,1.0000804578446871
64,uniform6_8,global_cg,1104,6.965414,6.965294500000001,0.9996544591162394,0.9995490446842372,1.0007996313053775,0.0012510188993163749,1.000151890328309
64,uniform6_9,global_cg,1104,7.677744499999999,7.676763,0.9998683820092911,0.9996289889726451,1.0006348948253136,0.0010060382654036447,1.0003966218636209
128,uniform6_0,global_cg,1104,6.528885,38.509879,5.897969677668732,5.896175840131968,7.146166155380989,0.21193569712333618,5.893493000673004
128,uniform6_1,global_cg,1104,5.958747000000001,5.958852,1.0001167307332683,0.999278279172637,1.0003061955350288,0.0010277963869658442,1.0002428689025624
128,uniform6_10,global_cg,1104,5.3910675,5.389422,0.9997329745006488,0.9988751750124244,1.00027658442902,0.0014017837285957221,0.9999214571561406
128,uniform6_11,global_cg,1104,5.3898589999999995,5.3909645,1.0002051156759642,1.0000475172073544,1.0003409759847826,0.0002933985967766413,1.0000666281680364
128,uniform6_12,global_cg,1104,5.9588754999999995,5.958551,0.9999962615728295,0.999520616036718,1.0003575268497837,0.0008369139418075138,1.0000706566022641
128,uniform6_13,global_cg,1104,5.390617499999999,5.389177999999999,0.9998123010969562,0.9993709605641804,1.0003812567924129,0.0010104858953265486,1.0000214563417362
128,uniform6_14,global_cg,1104,5.391183,5.388395,0.999749738933069,0.9994614210361451,1.0000056673200424,0.0005443825216479512,0.9999023679992916
128,uniform6_15,global_cg,1104,6.528508,6.52847,0.9999941794422808,0.9999365924021769,1.0000285851165465,9.199324982156907e-05,1.0001180712605728
128,uniform6_16,global_cg,1104,5.388612999999999,5.3898595,1.0003670890934884,1.000166991403097,1.0006588028995294,0.0004916310240453452,1.0000284973858768
128,uniform6_17,global_cg,1104,5.3892679999999995,5.389564,1.000059571642675,0.9999476835112155,1.0003003731611908,0.0003526686409249976,1.0000486308975383
128,uniform6_18,global_cg,1104,5.389640999999999,5.3897695,1.0000238488460351,0.999255354009267,1.0001572308655884,0.0009018553481120277,1.0002550782679314
128,uniform6_19,global_cg,1104,5.389255,5.390823,1.0000810918853769,0.999289763486649,1.0003911123249363,0.0011012595350752864,1.0002143809456214
128,uniform6_2,global_cg,1104,6.528601999999999,6.5284510000000004,0.9998556000346055,0.9996902135300633,1.0000520768795658,0.0003619156101040751,0.9999249265250265
128,uniform6_20,global_cg,1104,5.3893835,5.389127,0.9997831801624231,0.9997400691250802,1.0003003235996069,0.000560375975154593,1.000007158848733
128,uniform6_21,global_cg,1104,5.9588535,8.777834,1.4729842253890175,1.4714865253785814,1.4750873194952971,0.0024445571477622516,1.461681015698345
128,uniform6_22,global_cg,1104,6.530828,6.528734,0.9997025097237324,0.9993301695990371,1.0000404375650886,0.0007104793267427538,0.9997978754341371
128,uniform6_23,global_cg,1104,5.389962000000001,5.389011,0.999911777081193,0.9996664264739386,1.0003482067260852,0.0006818404060973885,0.999871287433863
128,uniform6_24,global_cg,1104,5.958368,5.958721499999999,1.0000357273106057,0.9999941793406417,1.0001382634042195,0.00014407891602561388,1.0001270182214284
128,uniform6_25,global_cg,1104,6.5284135,6.528772,1.0000779686306336,0.9999826911971716,1.000283044963408,0.00030033034989015344,1.0000548621676482
128,uniform6_26,global_cg,1104,5.389114,5.3894225,1.0000572646867603,0.9992033468313706,1.0002717416523896,0.0010683336432276238,1.0000179060271186
128,uniform6_27,global_cg,1104,5.9598534999999995,5.958417,0.999584262846589,0.9992946108117632,1.000075057169821,0.0007807709535514358,0.9998928078623159
128,uniform6_28,global_cg,1104,5.9605155,5.9606325,1.000039743280702,0.9998091842282697,1.0000981864608376,0.00028899074712750866,0.9996591574813218
128,uniform6_29,global_cg,1104,5.38905,5.3895895,1.0001168219136414,0.9998474666662708,1.0006296025654682,0.0007820445392577714,1.0000381462994865
128,uniform6_3,global_cg,1104,5.9584220000000006,5.959067,1.0001171163773814,0.9999595640700418,1.0002477995492831,0.00028820172609916753,1.000218582123985
128,uniform6_30,global_cg,1104,6.527452500000001,6.528225,0.9999764490316572,0.9997170057059797,1.0003291230204545,0.0006121317307698712,1.0001357534031285
128,uniform6_31,global_cg,1104,5.391852,5.391119,0.9999467619286766,0.9996900214723164,1.0001001957899955,0.00041019615573128604,0.9999442676111457
128,uniform6_32,global_cg,1104,5.959898,5.9586760000000005,0.9998543847979978,0.9991328784484775,1.000023129727904,0.0008903809324258801,0.9998791211050765
128,uniform6_33,global_cg,1104,6.52847,6.52847,1.0001386245393862,0.9996939017073824,1.0003290666553861,0.0006350769107595236,1.0001067949671931
128,uniform6_34,global_cg,1104,5.3890365,5.3890885,1.0001359172731996,0.9994661819395885,1.0003242647477817,0.0008579661957673906,1.0000000251003114
128,uniform6_35,global_cg,1104,6.5284325,6.528772,1.0002593506540776,0.9999712040505486,1.0006123910700575,0.0006410207703528137,1.0002377256296602
128,uniform6_36,global_cg,1104,6.5283385,6.528696500000001,0.9999663418363176,0.999763248512187,1.00013281213379,0.0003695760608545578,1.0001703022710493
128,uniform6_37,global_cg,1104,5.958845,5.9590065,1.000052512315906,0.9998788495702222,1.0000750576067132,0.00019619773369363615,1.0000656347841865
128,uniform6_38,global_cg,1104,6.528620999999999,6.528658500000001,1.000144436080164,0.9999825389312907,1.0003670098093904,0.0003844153546526933,0.9999624618815729
128,uniform6_39,global_cg,1104,5.3892685,5.3898465,0.9999802800731212,0.999923902926118,1.0002193226603728,0.0002954255600252844,1.0000574752708067
128,uniform6_4,global_cg,1104,5.9585215,5.9581125,1.0000115651314503,0.999771203268546,1.000086703697009,0.0003154967797012265,1.0003550538982242
128,uniform6_40,global_cg,1104,5.958932,5.9598285,1.0001668170500844,0.9997458084035435,1.000618200995279,0.0008722470860497096,1.0001130647018464
128,uniform6_41,global_cg,1104,6.528489,6.528847000000001,1.0000548372843352,0.9999903486190173,1.0002484287113749,0.0002580659407222468,1.0000231340039483
128,uniform6_42,global_cg,1104,6.528602,9.6174365,1.4731234187868876,1.4719310644644337,1.4742538139859889,0.0015767514737278275,1.461143073974609
128,uniform6_43,global_cg,1104,5.389384,5.389204,0.999998322067808,0.9997710711901812,1.000200257569467,0.0004291870994327568,1.0000105392585974
128,uniform6_44,global_cg,1104,6.528734,6.530695,1.0000981759285459,0.9999142740721002,1.0006877727635552,0.0007734227599574262,1.000115080193623
128,uniform6_45,global_cg,1104,5.389975,5.3908745,1.0000515199145732,0.999899964959897,1.0002480063958568,0.0003480235058185002,0.9998666418567691
128,uniform6_46,global_cg,1104,5.960534,5.959496,0.9997766738780668,0.9993127436010154,1.0001142805197167,0.000801715962818197,0.9997545520437218
128,uniform6_47,global_cg,1104,5.957925,5.9587985,1.0001150377862928,0.9996188898931712,1.0003432135779673,0.0007242403697872512,1.0000742771177638
128,uniform6_48,global_cg,1104,5.958595,5.9581215,0.9999764641700211,0.9998285187115966,0.9999943338576812,0.00016581904877354168,0.9996567763851766
128,uniform6_49,global_cg,1104,5.389704999999999,5.390373,1.000183662273994,0.9995565287646091,1.0004243598512164,0.0008676717280446096,1.0001429511239692
128,uniform6_5,global_cg,1104,5.390797,5.389718,0.9998831434688893,0.9997093090124967,0.9999762487542193,0.00026697093902049065,0.9999308721312044
128,uniform6_50,global_cg,1104,5.959524,5.959294,0.9997813342914941,0.999341715388658,1.000376712208018,0.0010352231871717191,0.999812372250392
128,uniform6_51,global_cg,1104,5.9586055,5.958685,1.0000241582179608,0.9996940406843198,1.0000762899403823,0.00038224002182480065,1.0000858389219442
128,uniform6_52,global_cg,1104,5.3905145,5.388819,0.9996735928946565,0.9994744773246075,1.0001334648057576,0.0006592026495788033,1.0002024413465458
128,uniform6_53,global_cg,1104,5.388818499999999,5.388857,1.0000381392478757,0.9999380193661646,1.000138248240768,0.0002002212383159206,1.0001787043237682
128,uniform6_54,global_cg,1104,5.390579,5.3884335,0.9998380160329083,0.9995137048255059,1.0001501169380311,0.0006365152177852776,1.0002223394038603
128,uniform6_55,global_cg,1104,5.3896275,5.3891395,0.9998737334120215,0.9994513654784586,1.0002858838535584,0.0008346237601942919,1.0001167651525171
128,uniform6_56,global_cg,1104,5.9578240000000005,5.9581855,1.0000476122054618,0.9996649822377808,1.0000635688275012,0.0003985676130373909,1.00031936099108
128,uniform6_57,global_cg,1104,5.388292,5.3887160000000005,1.0000283010274538,0.9997426256305161,1.0003957274061832,0.0006530832927389335,0.9998711278745611
128,uniform6_58,global_cg,1104,5.3886005,5.389409499999999,0.9997665181199173,0.9993246960787812,1.0004243077482196,0.0010998684687963322,0.9999833813310647
128,uniform6_59,global_cg,1104,5.9596885,5.9615385,1.0001676025282875,0.9997617328037517,1.000610490638463,0.0008486156045904043,0.9997908582529182
128,uniform6_6,global_cg,1104,5.957950500000001,5.958189,1.0000863319862194,0.9999767176336046,1.0002573052602033,0.0002805634050026463,1.0001179782019087
128,uniform6_60,global_cg,1104,5.390295999999999,5.3897175,0.9999487087445683,0.9998474979081983,1.000052341677562,0.00020485427659672117,1.0002023875000847
128,uniform6_61,global_cg,1104,6.5284325,6.530431500000001,1.000155087185353,1.0,1.000641355857224,0.0006412564065728391,0.9999422372636138
128,uniform6_62,global_cg,1104,5.958092000000001,5.95975,1.0001637446898155,1.0000116343275733,1.000524530428333,0.0005128121304964216,0.9997142275465121
128,uniform6_63,global_cg,1104,6.2180165,38.509223500000004,6.208725929552788,5.897799917092464,7.146735086555874,0.20115804492490622,6.20761962703988
128,uniform6_7,global_cg,1104,5.3923404999999995,5.647693,1.0000814743950592,0.9999093008879054,1.0947844222421157,0.09486739209082883,1.0000311440988339
128,uniform6_8,global_cg,1104,5.9586825,5.9593405,0.9999370450243432,0.9994514583507161,1.0005197120275657,0.001068320932967924,0.9999960658225555
128,uniform6_9,global_cg,1104,5.958174,5.958764,0.999991946869301,0.9999249458652907,1.000319432720156,0.00039449003174521296,0.9998720760383957
240,uniform6_0,global_cg,1104,6.132967,38.492833000000005,6.275525571138683,6.2740496014856095,7.592576771195047,0.21010625401215482,6.27118250954727
240,uniform6_1,global_cg,1104,5.068932,5.0691595,1.0000628353815633,0.999417435429632,1.0001210841647352,0.0007036045238444763,0.9998252202429021
240,uniform6_10,global_cg,1104,6.137795499999999,6.1349475,0.9996419685498164,0.9993162522936176,0.9997828069102923,0.0004667217177280941,0.9998371186189132
240,uniform6_11,global_cg,1104,5.602906000000001,5.6034775,1.0002287481258827,0.9994216715997769,1.000624358219252,0.001202411570081895,1.000068727701529
240,uniform6_12,global_cg,1104,5.069682,5.068966,0.9999212545705736,0.9996950847904902,1.000345340254873,0.0006503066730610275,0.9998833569892875
240,uniform6_13,global_cg,1104,5.07041,5.06925,0.9996448720666895,0.9994887379398446,1.0000538561708814,0.0005653189916019251,0.9999663169710225
240,uniform6_14,global_cg,1104,5.602797499999999,5.602504,1.0000268310337974,0.9997613019844358,1.00022259778129,0.0004612834201431304,0.9998632874017725
240,uniform6_15,global_cg,1104,5.069148,5.070353,1.0000162979792135,0.9999461450402837,1.0005069908514783,0.0005608366706902424,1.0001637324064152
240,uniform6_16,global_cg,1104,5.6032755000000005,5.6025884999999995,0.9998426930725803,0.9995472104613126,1.0000179522977855,0.0004708158990753516,0.9998832766441095
240,uniform6_17,global_cg,1104,5.6032720000000005,5.6020185,1.0000484569001054,0.9995877058781735,1.000112064956637,0.0005243336708792871,1.0001413256697842
240,uniform6_18,global_cg,1104,5.0689885,5.0687955,0.9999174826463644,0.9998117402267722,0.9999640950785993,0.00015236742478374796,0.9999955669310274
240,uniform6_19,global_cg,1104,5.6027505,5.6017935,0.9998233683954657,0.9996796948009546,1.0002825819226109,0.0006029936293885198,0.9998245623332995
240,uniform6_2,global_cg,1104,5.0698865,5.069023,0.9999776128163895,0.9997309888074384,1.0000760888443978,0.00034510776295027716,1.000114320174594
240,uniform6_20,global_cg,1104,5.0713875,5.0703305,0.9999843309731072,0.9996099257912412,1.0003364943258155,0.0007265799193746087,0.9998317829183729
240,uniform6_21,global_cg,1104,5.601521,6.503968499999999,1.16108747014558,1.1608727183196512,1.1614660358262179,0.0005110015582997101,1.1590059664801862
240,uniform6_22,global_cg,1104,5.0699095,5.0691705,0.9998139073926962,0.9996277562158107,0.9999729752174853,0.00034528325633604256,1.0000470419087129
240,uniform6_23,global_cg,1104,5.0691135,5.068352,0.9998566590553373,0.9996547835946853,1.000044782511857,0.00039005482799924564,0.9998721854794239
240,uniform6_24,global_cg,1104,5.070751,5.071581,1.000163707140086,0.9999777073839655,1.0005754622567675,0.0005976570320785294,0.9999211037270899
240,uniform6_25,global_cg,1104,5.0703075,5.0705345,0.9998923825616782,0.9995984418108123,1.0000806678906884,0.0004822779813970527,0.9997177074556365
240,uniform6_26,global_cg,1104,5.069227,5.0680344999999996,0.9997648408869044,0.9991753569361613,1.000004537435122,0.0008293755341757864,1.000195027913006
240,uniform6_27,global_cg,1104,5.0690225,5.0699775,1.0000735395795983,0.9996324792833129,1.0003677327892573,0.0007351994396866733,0.9998093985493165
240,uniform6_28,global_cg,1104,5.070717,5.068818,0.9997555344487505,0.9991482481910132,0.9999865849744217,0.000838541777986501,0.9994844380080466
240,uniform6_29,global_cg,1104,5.0706255,5.068955,0.9997221852270526,0.9993232029381511,0.999928393214754,0.0006053584541243693,1.0001432816919513
240,uniform6_3,global_cg,1104,5.0689655,5.068307,0.9997310079253174,0.9996580038504304,1.0000136123671315,0.0003557041983114107,0.9999371970549102
240,uniform6_30,global_cg,1104,5.602615,5.602505,1.0000099967620675,0.9996526590966335,1.0001121041494918,0.00045944045994136937,1.0001085799748164
240,uniform6_31,global_cg,1104,5.601596000000001,5.602526,0.9999905222525025,0.9996190715169062,1.0003364852195118,0.0007174205021359537,0.9999123260802213
240,uniform6_32,global_cg,1104,6.1349975,6.1358975000000004,1.0000311657928838,0.9996147492374432,1.0006460571764677,0.0010312757984965641,0.9999620604824859
240,uniform6_33,global_cg,1104,5.6031575,5.6030964999999995,1.0003073138463492,0.999462673572077,1.0005472614732065,0.0010842546946488953,1.0000398715843497
240,uniform6_34,global_cg,1104,6.1353805,6.135481,0.9998697965629131,0.9994934586364316,1.0002443517896364,0.0007509909348058008,1.0001293553584087
240,uniform6_35,global_cg,1104,6.1379785,6.136362500000001,0.9997122920681859,0.9994520447058524,1.0,0.0005481129906025662,1.000141129285217
240,uniform6_36,global_cg,1104,5.6015865,5.6041675,1.000300629576071,1.0000134152664155,1.0005376328310103,0.0005240600166541108,0.999844187312552
240,uniform6_37,global_cg,1104,5.070819,5.068841,0.9998542569607547,0.9994080953703871,0.9999822447385242,0.0005742330586082414,0.9999192383267956
240,uniform6_38,global_cg,1104,5.070819,5.0688065,0.9998054201264295,0.9993903500617044,0.9999372658690225,0.0005470222468377679,0.999777987230217
240,uniform6_39,global_cg,1104,5.604115999999999,5.6029895,0.9997716609350635,0.9994031897333645,1.0002780734362362,0.0008750835186240822,0.9994835341482189
240,uniform6_4,global_cg,1104,5.6021635,5.6024484999999995,1.000013415143342,0.999658029815108,1.000086871528093,0.0004288359600891982,1.0000286270783647
240,uniform6_40,global_cg,1104,6.135314,6.135047500000001,0.999809990244781,0.9994710976883162,1.0002497446719372,0.0007787949622611014,0.9999507095895928
240,uniform6_41,global_cg,1104,5.070228,5.0705235,1.0000324839916788,0.9996994305747738,1.0008165157980415,0.0011170489370593236,1.0000018658736618
240,uniform6_42,global_cg,1104,5.602569,6.5037705,1.1608675132725592,1.1605388427307017,1.1612493222445728,0.0006120246330850934,1.1586944998455275
240,uniform6_43,global_cg,1104,5.6024005,5.6037395,1.000040960909057,0.9999954626060541,1.000428969804242,0.0004334894420661855,1.0000851901949837
240,uniform6_44,global_cg,1104,5.603311,5.601884999999999,0.9999761661601057,0.9994574122864177,1.0000542587231898,0.0005968606622535105,0.9998426179570628
240,uniform6_45,global_cg,1104,5.603484,5.602178,0.9996529863602192,0.9993596980251164,1.000259999577846,0.0009006140780989666,1.0001866910722323
240,uniform6_46,global_cg,1104,5.0700579999999995,5.07116,1.0002577842201905,0.9999954651083464,1.0006080663506352,0.0006124433640537771,1.0001278370082134
240,uniform6_47,global_cg,1104,5.6021065,5.604069,1.0003247513891154,0.9996852307224591,1.000412808462396,0.0007273415347631486,1.0000650676100906
240,uniform6_48,global_cg,1104,5.07099,5.0691475,0.9998272355866034,0.9994351275331738,1.0002770355759307,0.0008420535196393361,0.9998766487465125
240,uniform6_49,global_cg,1104,5.6026775,5.6024595,0.9998963014986642,0.9997221212580788,1.000189900303156,0.0004678275580938792,1.0000353907169008
240,uniform6_5,global_cg,1104,5.0704215,5.0697505,0.9997482719839389,0.9994308784632574,1.0,0.000569264836650544,0.9997742699130283
240,uniform6_50,global_cg,1104,6.1340155,6.1341485,1.0000344778331702,0.9995007573367816,1.000966737702053,0.0014659298231875745,1.000193846959518
240,uniform6_51,global_cg,1104,6.137328999999999,6.1371625000000005,1.0000515671880508,0.999913150157837,1.0004124485111832,0.0004992726072617397,0.9999266853689575
240,uniform6_52,global_cg,1104,5.6028085,5.6026255,1.0001438904183286,0.9995470962699425,1.000694975181088,0.0011477137661316087,1.000040328061703
240,uniform6_53,global_cg,1104,5.0702165,5.069034,0.9999932926976021,0.9995470617082577,1.0003472543187921,0.0008001979777042484,1.0001098115577305
240,uniform6_54,global_cg,1104,5.6038855000000005,5.6019545,0.9995338318588948,0.9993598782644538,1.0003367034644766,0.0009772807771859739,0.9997299824817678
240,uniform6_55,global_cg,1104,5.6029415,5.603092,0.9997578695878668,0.999430260700126,1.0006462167222434,0.001216250513355493,0.999923784916203
240,uniform6_56,global_cg,1104,5.069739,5.0688635,0.9998117023178329,0.9994753233386472,1.0002646758519576,0.0007895011745515959,1.0000291188124195
240,uniform6_57,global_cg,1104,5.071058000000001,5.0713989999999995,0.9999425602048957,0.9996501543738197,1.0007267476277601,0.001076655096788652,0.9997532791285328
240,uniform6_58,global_cg,1104,6.134914500000001,6.1367795,1.000151033511141,0.9999566497280097,1.0007275998530127,0.0007708337032823433,1.0002840694664072
240,uniform6_59,global_cg,1104,5.603013499999999,5.604051500000001,1.0001773748158254,0.999816175636684,1.0005537384681966,0.0007374320296421645,0.9997900189894711
240,uniform6_6,global_cg,1104,5.0683869999999995,5.0695345,1.0000717410505198,0.9998923243639791,1.000529244299524,0.0006368742455173994,1.000008969371366
240,uniform6_60,global_cg,1104,5.0692385,5.0689205,0.9999327316749373,0.9996907582064449,1.0,0.00030926259713198425,0.9998140150370185
240,uniform6_61,global_cg,1104,5.069682,5.0682165,0.9999664573674834,0.999439683982555,1.0000488745653828,0.0006092110173691039,0.9999246003926285
240,uniform6_62,global_cg,1104,5.069591,5.068898,1.0001144605374008,0.9996907485089167,1.0002466793505902,0.000555867216813131,0.9998721743690998
240,uniform6_63,global_cg,1104,5.604323,38.498076,6.9319312706816625,6.2739125821796256,7.594354582874315,0.19048688585235235,6.920471680306969
240,uniform6_7,global_cg,1104,5.602665,5.601814,0.9998716005972326,0.999674396411125,1.0000852256249781,0.0004108819708528243,0.9998676691976245
240,uniform6_8,global_cg,1104,5.311019,5.3108260000000005,0.9999689198949735,0.9995278204661968,1.0002602061882517,0.0007324084853875661,1.0002522073326816
240,uniform6_9,global_cg,1104,5.60366,5.6038885,0.9998487111928955,0.999471116677658,1.0003257912947392,0.0008548039393495116,0.999948424786161
248,uniform6_0,global_cg,1104,5.591718,28.8163955,5.2002593157378385,4.705030456438312,5.697608756391576,0.19087092386900173,5.190616847140385
248,uniform6_1,global_cg,1104,5.5927240000000005,5.592626,0.9999896633637848,0.9997316411841066,1.0000271017797544,0.00029546364974804073,0.9998320759413928
248,uniform6_10,global_cg,1104,6.1236,6.1234335,1.0000334834988258,0.9996316949964393,1.00031412114197,0.0006824032962806316,0.9997805769120957
248,uniform6_11,global_cg,1104,5.061069,5.0598455,0.9999260929206377,0.9994541240993443,1.000319762219718,0.0008657021018876057,0.9997012144399364
248,uniform6_12,global_cg,1104,6.124213,6.125341,0.9999847112362308,0.9996599543048399,1.0003630532928918,0.0007031097377305596,0.9999232626685522
248,uniform6_13,global_cg,1104,5.592841,5.5919875,0.9997778900199883,0.9996555647049268,1.0000715356773322,0.0004160633842353778,1.0000723445575552
248,uniform6_14,global_cg,1104,5.061839000000001,5.061624500000001,0.9998702932312737,0.999436734050145,1.00015684945159,0.0007202088174035231,0.9997686579327362
248,uniform6_15,global_cg,1104,6.125059,6.122505,0.9998266967722185,0.9994315218056774,1.0000223294960193,0.0005909100969690547,1.0000560708095987
248,uniform6_16,global_cg,1104,5.0602985,5.061873500000001,1.0001230434154356,1.0000179886833391,1.0005867216723998,0.0005686630188206154,0.999765012012271
248,uniform6_17,global_cg,1104,5.59269,5.5929735,1.0000351833345604,0.9999565781988278,1.0000984197698046,0.00014183658069298136,0.9998815393151148
248,uniform6_18,global_cg,1104,6.125871999999999,6.1233175,0.999938432109996,0.9992582460948142,1.0,0.0007417995762205406,0.9996308963631295
248,uniform6_19,global_cg,1104,5.3020945,5.301254,0.9997607657161391,0.999691279973474,0.9998880009291776,0.00019676802936225763,1.0000064949069032
248,uniform6_2,global_cg,1104,5.0603555,5.060264500000001,0.9999820166312565,0.99982549889924,1.0000271032488468,0.00020160797519736944,1.0000045415981778
248,uniform6_20,global_cg,1104,6.124395,6.1243125,1.0000081614789296,0.9999350058919283,1.00004880316362,0.00011379634294535154,0.9998562519251064
248,uniform6_21,global_cg,1104,5.5928664999999995,6.4517305,1.1534310976066693,1.1522812919966499,1.154306229789855,0.001755577595754783,1.1512901135893976
248,uniform6_22,global_cg,1104,5.591098000000001,5.5919325,1.000160893590945,0.9999776694008148,1.000276222562532,0.0002985051341541693,0.9998229312538316
248,uniform6_23,global_cg,1104,5.59267,5.5928415000000005,1.0000428126907313,0.999995652216016,1.0000920772580437,9.642091398889958e-05,0.9999567466907165
248,uniform6_24,global_cg,1104,5.594032500000001,5.593283,0.9998496868530589,0.9996643331995803,1.0000759147606213,0.00041164343646139334,0.9999368130798377
248,uniform6_25,global_cg,1104,5.591056,5.5929555,0.9998612731878052,0.9991348948900153,1.0006501557596774,0.0015154711061376662,0.9999258051977635
248,uniform6_26,global_cg,1104,5.060525,5.0602985,0.9999955542458704,0.9997091132717268,1.0002167002930435,0.0005075892779338307,0.9999059505253585
248,uniform6_27,global_cg,1104,6.1232679999999995,6.125042,0.9999760353762748,0.9383854155974398,1.0005849989985913,0.06220107402648585,0.999700571674476
248,uniform6_28,global_cg,1104,5.126203,5.29974,1.000106384162188,0.9998210000525539,1.0670358731885787,0.06720772329868911,0.9998030604804706
248,uniform6_29,global_cg,1104,5.0603324999999995,5.0601745000000005,0.9999104772964165,0.9995614949073164,1.0000537587441958,0.0004923079096144561,0.999959699723211
248,uniform6_3,global_cg,1104,5.0603324999999995,5.060105999999999,0.9999552411408184,0.9997399279210151,1.0000043478028873,0.0002644317175342104,1.0000221134329492
248,uniform6_30,global_cg,1104,5.0605139999999995,5.060230499999999,0.9999842900875846,0.9997180714984114,1.0004074602775632,0.000689399609559297,1.000035760819713
248,uniform6_31,global_cg,1104,6.1243625,6.1254405,0.9999555114077658,0.9994944916785781,1.000335926296758,0.0008414720540869612,1.000184571973778
248,uniform6_32,global_cg,1104,5.0607745,5.060264500000001,0.9998859060479798,0.9997074377423597,1.000049208785962,0.0003418100420608736,0.9999057471202389
248,uniform6_33,global_cg,1104,5.5917995000000005,5.592377000000001,1.0000565951864648,0.9997806306335685,1.000314372968824,0.0005337121297179938,0.9999030441113896
248,uniform6_34,global_cg,1104,6.555299,6.556584000000001,1.0000652589349852,0.9998825511996658,1.0002966113583827,0.00041403313935508846,0.99999686045491
248,uniform6_35,global_cg,1104,5.5928875,5.5927525,0.9999744553980437,0.9998254950022994,1.0001174488003342,0.00029196125606877825,0.9997857752347006
248,uniform6_36,global_cg,1104,5.060752,5.0607515,0.9999999048455948,0.9999596769730215,1.0313079275683021,0.0313482535782051,0.999984390439046
248,uniform6_37,global_cg,1104,6.555773,6.557309,1.0002655361026103,0.99985780606779,1.0004081313152489,0.0005501791550303407,0.9999672386816366
248,uniform6_38,global_cg,1104,5.0608765,5.062043,1.0003626338239862,0.9999193918351041,1.000711145007878,0.0007914661603736205,0.9997984580609254
248,uniform6_39,global_cg,1104,5.592672500000001,5.592936999999999,0.9998859880250484,0.9381782647419888,1.000089522807862,0.061918317495536404,0.9999845667011353
248,uniform6_4,global_cg,1104,5.0600835,5.060344000000001,1.0000313221021027,0.9998254903119455,1.000067195123373,0.0002416972409619417,0.9999396381181724
248,uniform6_40,global_cg,1104,6.024307500000001,6.0255955,1.0000381277029868,0.9999753884686963,1.0006988302251945,0.0007234141743774116,0.9999803100678404
248,uniform6_41,global_cg,1104,5.5928605000000005,5.5928735,1.0000048372872703,0.9997507867679687,1.0000535563067492,0.0003027680742043495,0.9998008284350575
248,uniform6_42,global_cg,1104,6.5553735,7.559224,1.153040774077692,1.1522871706081093,1.1538016101112099,0.0013134310053449611,1.1508830669368257
248,uniform6_43,global_cg,1104,6.024846500000001,6.0242535,1.0000940826362044,0.9996910014029394,1.000693079603733,0.0010019839315038555,1.0000201488645473
248,uniform6_44,global_cg,1104,6.986586,6.986694,0.9998799080141265,0.9997280156214321,1.0007606967432474,0.001032805153437212,1.0002351230951316
248,uniform6_45,global_cg,1104,6.557762,6.5570845,1.000023650996686,0.9997157692154744,1.0001483561933489,0.00043257674700319536,0.999816627343433
248,uniform6_46,global_cg,1104,6.9857875,6.9884,1.0002233188651237,0.999505495904499,1.0006739314221813,0.0011681746422469363,0.9999938437415992
248,uniform6_47,global_cg,1104,6.5579635,6.5553585000000005,0.9997086748176416,0.9992275847232279,1.0001834811595693,0.0009561749941959698,1.0000297524614816
248,uniform6_48,global_cg,1104,6.989934,6.9895885,1.0000233764954742,0.999814584794408,1.0000865503601497,0.00027195920828851464,0.9999660296320618
248,uniform6_49,global_cg,1104,6.0229115,6.023071,0.9999709498107587,0.9996107775691113,1.0000895236216871,0.00047875996064326474,1.0000659991529635
248,uniform6_5,global_cg,1104,5.591851999999999,5.5923324999999995,1.0001382188029804,0.9994675965085081,1.000246107790468,0.0007784036919334026,1.0001012843950754
248,uniform6_50,global_cg,1104,6.024589499999999,6.0227945,0.9997250178987012,0.9994896005116637,1.0000223312964425,0.0005328773165030053,1.0000153315524967
248,uniform6_51,global_cg,1104,6.5563649999999996,6.5558565,1.0001815295814824,0.9995364648376389,1.0004790484038575,0.0009424124904735894,0.9999654530104545
248,uniform6_52,global_cg,1104,6.5556705,6.5565345,0.9998529641492158,0.9996414101349769,1.0003090503365557,0.0006677383830600886,0.9998801239856488
248,uniform6_53,global_cg,1104,6.557031,6.556286500000001,0.9999640550110442,0.9998391675173331,1.0000357700794156,0.000196609629213377,0.9996222566218395
248,uniform6_54,global_cg,1104,6.5552685,6.554103,1.0000036417560576,0.9996264363546654,1.0000371928975298,0.0004107550469946961,0.9998406612217972
248,uniform6_55,global_cg,1104,6.5566055,6.557425,1.0000615378907702,0.9999731237566032,1.0002040606349147,0.000230922667817641,0.9997587659135392
248,uniform6_56,global_cg,1104,6.5582525,6.556570499999999,0.999794766786991,0.9995425556947024,1.00043854359238,0.000896171821899947,0.9999041806832184
248,uniform6_57,global_cg,1104,6.5561505,6.555109,0.9998277221388261,0.9991472174213668,1.0003086670775694,0.0011616497827425774,0.9997185597424427
248,uniform6_58,global_cg,1104,6.025215,6.0237685,0.9997001641519334,0.9994229666391719,0.999946247268887,0.000523437575064413,0.9997330932355721
248,uniform6_59,global_cg,1104,6.5567665,6.556107000000001,0.999684823342359,0.999609986182181,1.0000595873907858,0.000449742957086834,1.0000023978193362
248,uniform6_6,global_cg,1104,6.1251750000000005,6.1230525,0.9998472972862609,0.9993340472312185,1.000086689758903,0.0007527574757937073,0.9998394249024438
248,uniform6_60,global_cg,1104,6.557817,6.5533635,0.9994943100937961,0.9992956194078882,1.1529846561453925,0.1537667950536722,0.9999389296514095
248,uniform6_61,global_cg,1104,6.557398,6.5568915,0.9999265067443384,0.9996370863470023,1.0002350711909453,0.0005980287950261483,0.9997725870613839
248,uniform6_62,global_cg,1104,6.5556585,6.555498,0.9998739757169228,0.999707662890564,1.000358601990284,0.000651021144192881,0.9999199193907482
248,uniform6_63,global_cg,1104,6.555856,28.818599499999998,4.4162956034292336,4.121419184831407,5.694030607314428,0.35609288048152743,4.406724974001988
248,uniform6_7,global_cg,1104,5.0610235,5.060309999999999,0.9999306377308046,0.9997761492896543,0.9999782948641079,0.00020215959670200512,0.9999875041909476
248,uniform6_8,global_cg,1104,5.0603555,5.060309999999999,0.9999618658733802,0.9997630277425537,1.000040314365095,0.0002772971970278733,0.999910506111694
248,uniform6_9,global_cg,1104,5.5939115,5.5927454999999995,0.9997878838629993,0.9997360607581812,1.0007605723202924,0.001024728923651899,0.999814190021765
