target_mib,stride_bytes,nodes,allocation_bytes,allocation_mib,warps,warps_per_sm,threads,samples,control_p50_cycles,cold_p50_cycles,hot_p50_cycles,cold_net_cycles_per_step,hot_net_cycles_per_step,cold_kernel_p50_us,hot_kernel_p50_us,cold_gloads_s,hot_gloads_s,validated_control,validated_cold,validated_hot,validation
64,256,2097152,536870912,512.000000,1104,24.000000,35328,12,1.000000,5625910.500000,5610651.500000,10988.104492,10958.301758,2328.639984,2324.368000,7.767597,7.781873,768,768,768,1
64,256,2097152,536870912,512.000000,184,4.000000,5888,12,1.000000,1164870.000000,1153489.500000,2275.134766,2252.907227,428.048000,423.712000,7.042799,7.114870,768,768,768,1
64,128,2097152,268435456,256.000000,1104,24.000000,35328,12,1.000000,5579487.000000,5562389.500000,10897.433594,10864.040039,2308.384061,2305.920005,7.835757,7.844130,768,768,768,1
64,128,2097152,268435456,256.000000,184,4.000000,5888,12,1.000000,1158389.000000,1146956.000000,2262.476562,2240.146484,425.903991,420.624003,7.078253,7.167104,768,768,768,1
64,64,2097152,134217728,128.000000,1104,24.000000,35328,12,1.000000,5335791.000000,5316659.000000,10421.464844,10384.097656,2208.815932,2203.616023,8.188974,8.208298,768,768,768,1
64,64,2097152,134217728,128.000000,184,4.000000,5888,12,1.000000,1120568.000000,1102099.500000,2188.607422,2152.536133,411.632001,406.127989,7.323668,7.422921,768,768,768,1
64,32,2097152,67108864,64.000000,1104,24.000000,35328,12,1.000000,4689286.500000,4647959.500000,9158.760742,9078.043945,1941.519976,1927.312016,9.316379,9.385058,768,768,768,1
64,32,2097152,67108864,64.000000,184,4.000000,5888,12,1.000000,1029997.500000,997393.500000,2011.711914,1948.032227,378.847986,367.343992,7.957429,8.206629,768,768,768,1
64,16,4194304,67108864,64.000000,1104,24.000000,35328,12,1.000000,4695680.500000,4665056.000000,9171.249023,9111.435547,1944.511950,1931.248009,9.302044,9.365931,768,768,768,1
64,16,4194304,67108864,64.000000,184,4.000000,5888,12,1.000000,1033563.500000,1001405.500000,2018.676758,1955.868164,378.895998,367.440000,7.956421,8.204485,768,768,768,1
64,8,8388608,67108864,64.000000,1104,24.000000,35328,12,1.000000,4702507.000000,4660872.500000,9184.582031,9103.264648,1944.624007,1931.119978,9.301508,9.366552,768,768,768,1
64,8,8388608,67108864,64.000000,184,4.000000,5888,12,1.000000,1030988.000000,999888.000000,2013.646484,1952.904297,378.815994,367.343992,7.958101,8.206629,768,768,768,1
64,4,16777216,67108864,64.000000,1104,24.000000,35328,12,1.000000,4702805.000000,4673795.000000,9185.164062,9128.503906,1944.591999,1932.559967,9.301661,9.359573,768,768,768,1
64,4,16777216,67108864,64.000000,184,4.000000,5888,12,1.000000,1032036.500000,1000038.000000,2015.694336,1953.197266,377.823994,366.752014,7.978996,8.219876,768,768,768,1
56,256,1835008,469762048,448.000000,1104,24.000000,35328,12,1.000000,5473752.500000,5475874.000000,10690.920898,10695.064453,2271.296024,2265.872002,7.963707,7.982770,768,768,768,1
56,256,1835008,469762048,448.000000,184,4.000000,5888,12,1.000000,1152568.500000,1139677.000000,2251.108398,2225.929688,423.936009,418.463990,7.111111,7.204099,768,768,768,1
56,128,1835008,234881024,224.000000,1104,24.000000,35328,12,1.000000,5433031.500000,5412822.500000,10611.387695,10571.916992,2248.736024,2243.471980,8.043601,8.062475,768,768,768,1
56,128,1835008,234881024,224.000000,184,4.000000,5888,12,1.000000,1140362.500000,1126407.500000,2227.268555,2200.012695,417.807996,414.399996,7.215410,7.274749,768,768,768,1
56,64,1835008,117440512,112.000000,1104,24.000000,35328,12,1.000000,5135444.000000,5115577.500000,10030.162109,9991.360352,2127.872109,2120.496035,8.500481,8.530049,768,768,768,1
56,64,1835008,117440512,112.000000,184,4.000000,5888,12,1.000000,1094956.500000,1077477.500000,2138.584961,2104.446289,403.423995,396.016002,7.472674,7.612460,768,768,768,1
56,32,1835008,58720256,56.000000,1104,24.000000,35328,12,1.000000,4240192.000000,4203439.000000,8281.623047,8209.839844,1761.215985,1741.391957,10.270141,10.387056,768,768,768,1
56,32,1835008,58720256,56.000000,184,4.000000,5888,12,1.000000,972615.000000,931616.500000,1899.636719,1819.561523,362.464011,346.336007,8.317118,8.704426,768,768,768,1
56,16,3670016,58720256,56.000000,1104,24.000000,35328,12,1.000000,4243530.500000,4197265.000000,8288.143555,8197.781250,1763.311982,1745.263994,10.257933,10.364011,768,768,768,1
56,16,3670016,58720256,56.000000,184,4.000000,5888,12,1.000000,970389.000000,927372.500000,1895.289062,1811.272461,359.392002,343.888000,8.388211,8.766389,768,768,768,1
56,8,7340032,58720256,56.000000,1104,24.000000,35328,12,1.000000,4239215.000000,4201294.500000,8279.714844,8205.651367,1762.335956,1745.808005,10.263614,10.360782,768,768,768,1
56,8,7340032,58720256,56.000000,184,4.000000,5888,12,1.000000,967916.500000,927985.000000,1890.459961,1812.468750,358.352005,342.815995,8.412555,8.793802,768,768,768,1
56,4,14680064,58720256,56.000000,1104,24.000000,35328,12,1.000000,4249954.000000,4192125.000000,8300.689453,8187.742188,1764.383972,1745.696008,10.251700,10.361447,768,768,768,1
56,4,14680064,58720256,56.000000,184,4.000000,5888,12,1.000000,969586.500000,926481.500000,1893.721680,1809.532227,356.384009,342.720002,8.459010,8.796265,768,768,768,1
48,256,1572864,402653184,384.000000,1104,24.000000,35328,12,1.000000,5280212.000000,5261423.000000,10312.912109,10276.214844,2193.296075,2186.272025,8.246919,8.273415,768,768,768,1
48,256,1572864,402653184,384.000000,184,4.000000,5888,12,1.000000,1112264.000000,1094675.000000,2172.388672,2138.035156,410.623997,405.391991,7.341646,7.436398,768,768,768,1
48,128,1572864,201326592,192.000000,1104,24.000000,35328,12,1.000000,5231612.500000,5204924.500000,10217.991211,10165.866211,2168.848038,2160.592079,8.339882,8.371750,768,768,768,1
48,128,1572864,201326592,192.000000,184,4.000000,5888,12,1.000000,1101706.000000,1086764.500000,2151.767578,2122.584961,406.479999,402.160004,7.416493,7.496161,768,768,768,1
48,64,1572864,100663296,96.000000,1104,24.000000,35328,12,1.000000,4848758.500000,4823553.500000,9470.229492,9421.000977,2009.184003,2002.159953,9.002628,9.034211,768,768,768,1
48,64,1572864,100663296,96.000000,184,4.000000,5888,12,1.000000,1043159.000000,1024127.000000,2037.417969,2000.246094,387.040004,378.703997,7.789004,7.960455,768,768,768,1
48,32,1572864,50331648,48.000000,1104,24.000000,35328,12,1.000000,3499755.500000,3415435.500000,6835.458008,6670.770508,1454.032004,1421.440005,12.439847,12.725079,768,768,768,1
48,32,1572864,50331648,48.000000,184,4.000000,5888,12,1.000000,885779.500000,816096.500000,1730.036133,1593.936523,328.783989,303.920001,9.169108,9.919242,768,768,768,1
48,16,3145728,50331648,48.000000,1104,24.000000,35328,12,1.000000,3515138.000000,3434869.000000,6865.501953,6708.726562,1458.095968,1427.536011,12.405175,12.670739,768,768,768,1
48,16,3145728,50331648,48.000000,184,4.000000,5888,12,1.000000,882974.500000,812108.500000,1724.557617,1586.147461,327.552006,301.167995,9.203595,10.009882,768,768,768,1
48,8,6291456,50331648,48.000000,1104,24.000000,35328,12,1.000000,3524050.500000,3431978.500000,6882.909180,6703.081055,1463.247955,1430.607975,12.361498,12.643531,768,768,768,1
48,8,6291456,50331648,48.000000,184,4.000000,5888,12,1.000000,885269.000000,816617.500000,1729.039062,1594.954102,327.648014,301.952004,9.200898,9.983891,768,768,768,1
48,4,12582912,50331648,48.000000,1104,24.000000,35328,12,1.000000,3522315.500000,3445233.500000,6879.520508,6728.969727,1462.287962,1431.392014,12.369613,12.636605,768,768,768,1
48,4,12582912,50331648,48.000000,184,4.000000,5888,12,1.000000,883362.500000,813525.500000,1725.315430,1588.915039,327.616006,301.903993,9.201797,9.985479,768,768,768,1
40,256,1310720,335544320,320.000000,1104,24.000000,35328,12,1.000000,5018021.500000,5002529.500000,9800.821289,9770.563477,2092.943907,2085.824013,8.642342,8.671842,768,768,768,1
40,256,1310720,335544320,320.000000,184,4.000000,5888,12,1.000000,1072478.500000,1054283.500000,2094.682617,2059.145508,396.175995,390.031993,7.609386,7.729253,768,768,768,1
40,128,1310720,167772160,160.000000,1104,24.000000,35328,12,1.000000,4955933.000000,4943926.000000,9679.554688,9656.103516,2063.456059,2056.975961,8.765845,8.793460,768,768,768,1
40,128,1310720,167772160,160.000000,184,4.000000,5888,12,1.000000,1057768.000000,1042890.500000,2065.951172,2036.893555,392.208010,386.752009,7.686370,7.794804,768,768,768,1
40,64,1310720,83886080,80.000000,1104,24.000000,35328,12,1.000000,4437704.500000,4406006.000000,8667.389648,8605.478516,1844.208002,1831.007957,9.807970,9.878677,768,768,768,1
40,64,1310720,83886080,80.000000,184,4.000000,5888,12,1.000000,985596.000000,958823.500000,1924.990234,1872.700195,365.536004,355.168000,8.247220,8.487972,768,768,768,1
40,32,1310720,41943040,40.000000,1104,24.000000,35328,12,1.000000,2019970.500000,1822122.000000,3945.252930,3558.830078,831.375986,757.888019,21.756626,23.866238,768,768,768,1
40,32,1310720,41943040,40.000000,184,4.000000,5888,12,1.000000,745125.500000,590515.500000,1455.321289,1153.348633,278.495997,221.776001,10.824773,13.593247,768,768,768,1
40,16,2621440,41943040,40.000000,1104,24.000000,35328,12,1.000000,2031652.500000,1832642.500000,3968.069336,3579.377930,835.648000,763.423979,21.645401,23.693172,768,768,768,1
40,16,2621440,41943040,40.000000,184,4.000000,5888,12,1.000000,745802.000000,587522.500000,1456.642578,1147.502930,276.575997,219.968006,10.899919,13.704975,768,768,768,1
40,8,5242880,41943040,40.000000,1104,24.000000,35328,12,1.000000,2037997.500000,1843015.000000,3980.461914,3599.636719,839.680016,766.959995,21.541463,23.583937,768,768,768,1
40,8,5242880,41943040,40.000000,184,4.000000,5888,12,1.000000,744853.500000,586470.000000,1454.790039,1145.447266,276.464000,219.888002,10.904335,13.709961,768,768,768,1
40,4,10485760,41943040,40.000000,1104,24.000000,35328,12,1.000000,2041961.500000,1837696.500000,3988.204102,3589.249023,839.599997,767.088026,21.543516,23.580000,768,768,768,1
40,4,10485760,41943040,40.000000,184,4.000000,5888,12,1.000000,743394.000000,587001.000000,1451.939453,1146.484375,276.432008,219.888002,10.905597,13.709961,768,768,768,1
39,256,1277952,327155712,312.000000,1104,24.000000,35328,12,1.000000,4986861.000000,4950486.000000,9739.960938,9668.916016,2071.583986,2063.232064,8.731452,8.766797,768,768,768,1
39,256,1277952,327155712,312.000000,184,4.000000,5888,12,1.000000,1068975.000000,1050493.500000,2087.839844,2051.743164,395.311996,389.888003,7.626017,7.732108,768,768,768,1
39,128,1277952,163577856,156.000000,1104,24.000000,35328,12,1.000000,4905573.000000,4891862.000000,9581.195312,9554.416016,2042.959929,2034.464002,8.853789,8.890762,768,768,768,1
39,128,1277952,163577856,156.000000,184,4.000000,5888,12,1.000000,1056075.500000,1037161.500000,2062.645508,2025.704102,391.151994,384.847999,7.707122,7.833368,768,768,768,1
39,64,1277952,81788928,78.000000,1104,24.000000,35328,12,1.000000,4352693.000000,4333843.500000,8501.351562,8464.536133,1814.623952,1802.688003,9.967870,10.033869,768,768,768,1
39,64,1277952,81788928,78.000000,184,4.000000,5888,12,1.000000,977440.500000,944411.500000,1909.061523,1844.551758,363.151997,353.056014,8.301361,8.538747,768,768,768,1
39,32,1277952,40894464,39.000000,1104,24.000000,35328,12,1.000000,1716349.000000,1489444.000000,3352.242188,2909.068359,699.440002,615.455985,25.860597,29.389488,768,768,768,1
39,32,1277952,40894464,39.000000,184,4.000000,5888,12,1.000000,720391.000000,543962.500000,1407.011719,1062.424805,272.271991,207.616001,11.072222,14.520345,768,768,768,1
39,16,2555904,40894464,39.000000,1104,24.000000,35328,12,1.000000,1741126.000000,1514067.000000,3400.634766,2957.160156,706.576020,621.167988,25.599420,29.119234,768,768,768,1
39,16,2555904,40894464,39.000000,184,4.000000,5888,12,1.000000,721230.500000,542119.000000,1408.651367,1058.824219,270.223990,205.520004,11.156138,14.668431,768,768,768,1
39,8,5111808,40894464,39.000000,1104,24.000000,35328,12,1.000000,1741837.500000,1516486.500000,3402.024414,2961.885742,706.575990,621.535987,25.599421,29.101993,768,768,768,1
39,8,5111808,40894464,39.000000,184,4.000000,5888,12,1.000000,722271.500000,543688.000000,1410.684570,1061.888672,268.255994,203.616001,11.237982,14.805595,768,768,768,1
39,4,10223616,40894464,39.000000,1104,24.000000,35328,12,1.000000,1747647.000000,1515749.500000,3413.371094,2960.446289,708.544016,622.399986,25.528317,29.061594,768,768,768,1
39,4,10223616,40894464,39.000000,184,4.000000,5888,12,1.000000,720906.500000,541997.500000,1408.018555,1058.586914,268.207997,203.231998,11.239993,14.833570,768,768,768,1
38,256,1245184,318767104,304.000000,1104,24.000000,35328,12,1.000000,4933624.500000,4912691.500000,9635.983398,9595.098633,2055.199981,2049.183965,8.801059,8.826897,768,768,768,1
38,256,1245184,318767104,304.000000,184,4.000000,5888,12,1.000000,1059688.000000,1043305.500000,2069.701172,2037.704102,392.224014,385.984004,7.686057,7.810313,768,768,768,1
38,128,1245184,159383552,152.000000,1104,24.000000,35328,12,1.000000,4872710.500000,4840251.000000,9517.010742,9453.613281,2025.647998,2018.159986,8.929457,8.962588,768,768,768,1
38,128,1245184,159383552,152.000000,184,4.000000,5888,12,1.000000,1051452.000000,1033639.000000,2053.615234,2018.824219,389.055997,381.632000,7.748643,7.899380,768,768,768,1
38,64,1245184,79691776,76.000000,1104,24.000000,35328,12,1.000000,4302729.000000,4266045.500000,8403.765625,8332.118164,1784.991980,1774.176002,10.133343,10.195119,768,768,768,1
38,64,1245184,79691776,76.000000,184,4.000000,5888,12,1.000000,970553.000000,942207.500000,1895.609375,1840.247070,358.399987,348.912001,8.411429,8.640161,768,768,768,1
38,32,1245184,39845888,38.000000,1104,24.000000,35328,12,1.000000,1434960.500000,1172530.000000,2802.655273,2290.095703,553.007990,451.631993,32.708272,40.050165,768,768,768,1
38,32,1245184,39845888,38.000000,184,4.000000,5888,12,1.000000,702669.500000,501237.000000,1372.399414,978.976562,264.223993,190.735996,11.409471,15.805386,768,768,768,1
38,16,2490368,39845888,38.000000,1104,24.000000,35328,12,1.000000,1425113.000000,1174732.000000,2783.421875,2294.396484,555.072010,455.680013,32.586648,39.694381,768,768,768,1
38,16,2490368,39845888,38.000000,184,4.000000,5888,12,1.000000,698202.500000,499049.500000,1363.674805,974.704102,260.191992,189.071998,11.586275,15.944487,768,768,768,1
38,8,4980736,39845888,38.000000,1104,24.000000,35328,12,1.000000,1440756.000000,1188992.500000,2813.974609,2322.249023,557.007998,457.727998,32.473386,39.516779,768,768,768,1
38,8,4980736,39845888,38.000000,184,4.000000,5888,12,1.000000,698129.500000,497112.500000,1363.532227,970.920898,260.096014,187.183999,11.590551,16.105308,768,768,768,1
38,4,9961472,39845888,38.000000,1104,24.000000,35328,12,1.000000,1450698.500000,1192884.000000,2833.393555,2329.849609,558.800012,458.272010,32.369248,39.469869,768,768,768,1
38,4,9961472,39845888,38.000000,184,4.000000,5888,12,1.000000,700996.500000,499534.000000,1369.131836,975.650391,260.080010,187.199995,11.591264,16.103932,768,768,768,1
37,256,1212416,310378496,296.000000,1104,24.000000,35328,12,1.000000,4901090.500000,4880799.000000,9572.440430,9532.808594,2038.976073,2030.240059,8.871088,8.909260,768,768,768,1
37,256,1212416,310378496,296.000000,184,4.000000,5888,12,1.000000,1052160.000000,1031940.500000,2054.998047,2015.506836,391.184002,383.711994,7.706491,7.856559,768,768,768,1
37,128,1212416,155189248,148.000000,1104,24.000000,35328,12,1.000000,4819024.000000,4792408.500000,9412.154297,9360.170898,2008.127928,1999.552011,9.007362,9.045994,768,768,768,1
37,128,1212416,155189248,148.000000,184,4.000000,5888,12,1.000000,1040495.000000,1023782.500000,2032.214844,1999.573242,386.047989,379.600003,7.809019,7.941665,768,768,768,1
37,64,1212416,77594624,74.000000,1104,24.000000,35328,12,1.000000,4220328.500000,4184934.500000,8242.827148,8173.698242,1755.151987,1742.623985,10.305624,10.379713,768,768,768,1
37,64,1212416,77594624,74.000000,184,4.000000,5888,12,1.000000,955730.500000,925642.500000,1866.659180,1807.893555,354.368001,344.911993,8.507134,8.740363,768,768,768,1
37,32,1212416,38797312,37.000000,1104,24.000000,35328,12,1.000000,1256125.500000,982471.000000,2453.368164,1918.886719,518.176019,422.048002,34.906934,42.857533,768,768,768,1
37,32,1212416,38797312,37.000000,184,4.000000,5888,12,1.000000,675353.500000,444084.500000,1319.047852,867.350586,256.000012,171.760000,11.775999,17.551560,768,768,768,1
37,16,2424832,38797312,37.000000,1104,24.000000,35328,12,1.000000,1255704.000000,981061.000000,2452.544922,1916.132812,517.152011,420.895994,34.976053,42.974835,768,768,768,1
37,16,2424832,38797312,37.000000,184,4.000000,5888,12,1.000000,676640.000000,442628.000000,1321.560547,864.505859,253.935993,170.704000,11.871716,17.660137,768,768,768,1
37,8,4849664,38797312,37.000000,1104,24.000000,35328,12,1.000000,1255771.500000,979745.500000,2452.676758,1913.563477,518.208027,420.800000,34.904778,42.984639,768,768,768,1
37,8,4849664,38797312,37.000000,184,4.000000,5888,12,1.000000,675515.500000,441083.500000,1319.364258,861.489258,251.904011,168.655999,11.967479,17.874585,768,768,768,1
37,4,9699328,38797312,37.000000,1104,24.000000,35328,12,1.000000,1255213.000000,980509.000000,2451.585938,1915.054688,516.128004,420.831993,35.045446,42.981371,768,768,768,1
37,4,9699328,38797312,37.000000,184,4.000000,5888,12,1.000000,675879.500000,442490.000000,1320.075195,864.236328,251.888007,166.752003,11.968240,18.078679,768,768,768,1
36,256,1179648,301989888,288.000000,1104,24.000000,35328,12,1.000000,4844517.500000,4826594.000000,9461.946289,9426.939453,2016.288042,2008.911967,8.970909,9.003847,768,768,768,1
36,256,1179648,301989888,288.000000,184,4.000000,5888,12,1.000000,1048443.000000,1029686.500000,2047.738281,2011.104492,387.120008,380.751997,7.787394,7.917637,768,768,768,1
36,128,1179648,150994944,144.000000,1104,24.000000,35328,12,1.000000,4783575.000000,4758283.000000,9342.917969,9293.519531,1987.743974,1979.103982,9.099731,9.139457,768,768,768,1
36,128,1179648,150994944,144.000000,184,4.000000,5888,12,1.000000,1034356.000000,1014416.000000,2020.224609,1981.279297,382.880002,375.616014,7.873631,8.025898,768,768,768,1
36,64,1179648,75497472,72.000000,1104,24.000000,35328,12,1.000000,4137251.500000,4097556.000000,8080.567383,8003.037109,1721.311986,1707.919955,10.508226,10.590623,768,768,768,1
36,64,1179648,75497472,72.000000,184,4.000000,5888,12,1.000000,947826.500000,916605.000000,1851.221680,1790.242188,350.288004,339.760005,8.606221,8.872898,768,768,768,1
36,32,1179648,37748736,36.000000,1104,24.000000,35328,12,1.000000,1228632.000000,972845.000000,2399.669922,1900.085938,510.016024,420.832008,35.465427,42.981369,768,768,768,1
36,32,1179648,37748736,36.000000,184,4.000000,5888,12,1.000000,661042.000000,404010.000000,1291.095703,789.080078,249.807999,163.599998,12.067892,18.426993,768,768,768,1
36,16,2359296,37748736,36.000000,1104,24.000000,35328,12,1.000000,1231714.500000,975966.500000,2405.690430,1906.182617,509.984016,418.816000,35.467653,43.188264,768,768,768,1
36,16,2359296,37748736,36.000000,184,4.000000,5888,12,1.000000,658035.500000,403854.500000,1285.223633,788.776367,247.776002,158.528000,12.166860,19.016552,768,768,768,1
36,8,4718592,37748736,36.000000,1104,24.000000,35328,12,1.000000,1231512.500000,976105.000000,2405.295898,1906.453125,509.968013,418.847993,35.468766,43.184965,768,768,768,1
36,8,4718592,37748736,36.000000,184,4.000000,5888,12,1.000000,660010.000000,399072.500000,1289.080078,779.436523,245.743997,156.512007,12.267465,19.261500,768,768,768,1
36,4,9437184,37748736,36.000000,1104,24.000000,35328,12,1.000000,1232184.500000,977271.500000,2406.608398,1908.731445,509.920001,419.952005,35.472105,43.071436,768,768,768,1
36,4,9437184,37748736,36.000000,184,4.000000,5888,12,1.000000,655502.000000,401369.500000,1280.275391,783.922852,245.663993,154.528007,12.271461,19.508800,768,768,768,1
32,256,1048576,268435456,256.000000,1104,24.000000,35328,12,1.000000,4643971.000000,4610009.000000,9070.253906,9003.921875,1930.751979,1920.736015,9.368337,9.417190,768,768,768,1
32,256,1048576,268435456,256.000000,184,4.000000,5888,12,1.000000,1018658.000000,997087.500000,1989.564453,1947.434570,376.816005,368.432000,8.000340,8.182395,768,768,768,1
32,128,1048576,134217728,128.000000,1104,24.000000,35328,12,1.000000,4564866.500000,4533763.500000,8915.752930,8855.004883,1898.576021,1890.064001,9.527107,9.570012,768,768,768,1
32,128,1048576,134217728,128.000000,184,4.000000,5888,12,1.000000,1004276.000000,982713.000000,1961.474609,1919.359375,372.687995,365.344003,8.088954,8.251555,768,768,768,1
32,64,1048576,67108864,64.000000,1104,24.000000,35328,12,1.000000,3750091.000000,3716457.500000,7324.394531,7258.704102,1564.671993,1548.112035,11.560209,11.683868,768,768,768,1
32,64,1048576,67108864,64.000000,184,4.000000,5888,12,1.000000,901285.000000,861816.000000,1760.320312,1683.232422,333.808005,320.367992,9.031108,9.409979,768,768,768,1
32,32,1048576,33554432,32.000000,1104,24.000000,35328,12,1.000000,1189734.500000,976663.500000,2323.698242,1907.543945,493.568003,418.783993,36.647303,43.191565,768,768,768,1
32,32,1048576,33554432,32.000000,184,4.000000,5888,12,1.000000,632968.000000,220739.500000,1236.263672,431.129883,238.560006,84.767997,12.636888,35.563610,768,768,768,1
32,16,2097152,33554432,32.000000,1104,24.000000,35328,12,1.000000,1190818.500000,975064.000000,2325.815430,1904.419922,493.535995,417.919993,36.649679,43.280858,768,768,768,1
32,16,2097152,33554432,32.000000,184,4.000000,5888,12,1.000000,624426.000000,219535.000000,1219.580078,428.777344,235.520005,84.767997,12.800000,35.563610,768,768,768,1
32,8,4194304,33554432,32.000000,1104,24.000000,35328,12,1.000000,1192003.500000,975790.000000,2328.129883,1905.837891,493.600011,418.704003,36.644926,43.199816,768,768,768,1
32,8,4194304,33554432,32.000000,184,4.000000,5888,12,1.000000,624341.500000,218600.500000,1219.415039,426.952148,233.503997,84.799998,12.910511,35.550190,768,768,768,1
32,4,8388608,33554432,32.000000,1104,24.000000,35328,12,1.000000,1190599.500000,976716.500000,2325.387695,1907.647461,493.600011,418.768004,36.644926,43.193214,768,768,768,1
32,4,8388608,33554432,32.000000,184,4.000000,5888,12,1.000000,626112.500000,218189.500000,1222.874023,426.149414,233.472005,84.783997,12.912280,35.556899,768,768,768,1
28,256,917504,234881024,224.000000,1104,24.000000,35328,12,1.000000,4379507.500000,4351562.000000,8553.723633,8499.142578,1820.640028,1810.400009,9.934933,9.991127,768,768,768,1
28,256,917504,234881024,224.000000,184,4.000000,5888,12,1.000000,969579.500000,951171.000000,1893.708008,1857.753906,361.504003,352.016002,8.339205,8.563974,768,768,768,1
28,128,917504,117440512,112.000000,1104,24.000000,35328,12,1.000000,4292096.000000,4268193.500000,8382.998047,8336.313477,1786.864042,1776.048005,10.122727,10.184373,768,768,768,1
28,128,917504,117440512,112.000000,184,4.000000,5888,12,1.000000,961490.000000,935836.500000,1877.908203,1827.803711,356.351987,347.984001,8.459770,8.663203,768,768,768,1
28,64,917504,58720256,56.000000,1104,24.000000,35328,12,1.000000,3243133.000000,3183602.000000,6334.242188,6217.970703,1347.631991,1327.136040,13.422014,13.629301,768,768,768,1
28,64,917504,58720256,56.000000,184,4.000000,5888,12,1.000000,826823.500000,778657.000000,1614.887695,1520.812500,308.272004,292.576000,9.779208,10.303839,768,768,768,1
28,32,917504,29360128,28.000000,1104,24.000000,35328,12,1.000000,1153961.500000,977643.500000,2253.829102,1909.458008,481.247991,417.999998,37.585478,43.272574,768,768,768,1
28,32,917504,29360128,28.000000,184,4.000000,5888,12,1.000000,599194.500000,220454.500000,1170.299805,430.573242,228.399999,84.687997,13.199019,35.597205,768,768,768,1
28,16,1835008,29360128,28.000000,1104,24.000000,35328,12,1.000000,1155078.000000,974946.500000,2256.009766,1904.190430,481.247991,417.952001,37.585478,43.277544,768,768,768,1
28,16,1835008,29360128,28.000000,184,4.000000,5888,12,1.000000,593676.500000,219178.000000,1159.522461,428.080078,225.247994,84.783997,13.383720,35.556899,768,768,768,1
28,8,3670016,29360128,28.000000,1104,24.000000,35328,12,1.000000,1155008.000000,975702.000000,2255.873047,1905.666016,481.263995,418.608010,37.584229,43.209723,768,768,768,1
28,8,3670016,29360128,28.000000,184,4.000000,5888,12,1.000000,588694.000000,218279.000000,1149.791016,426.324219,221.231997,84.687997,13.626673,35.597205,768,768,768,1
28,4,7340032,29360128,28.000000,1104,24.000000,35328,12,1.000000,1154046.000000,976221.500000,2253.994141,1906.680664,481.279999,418.736011,37.582979,43.196514,768,768,768,1
28,4,7340032,29360128,28.000000,184,4.000000,5888,12,1.000000,584191.500000,217976.500000,1140.997070,425.733398,219.231993,84.639996,13.750986,35.617393,768,768,768,1
24,256,786432,201326592,192.000000,1104,24.000000,35328,12,1.000000,4027179.500000,3979449.500000,7865.583008,7772.360352,1671.104014,1661.440015,10.823944,10.886903,768,768,768,1
24,256,786432,201326592,192.000000,184,4.000000,5888,12,1.000000,915875.000000,884104.500000,1788.816406,1726.764648,341.024011,330.640003,8.840011,9.117638,768,768,768,1
24,128,786432,100663296,96.000000,1104,24.000000,35328,12,1.000000,3927691.500000,3894008.000000,7671.270508,7605.482422,1634.352028,1624.960005,11.067344,11.131312,768,768,768,1
24,128,786432,100663296,96.000000,184,4.000000,5888,12,1.000000,903253.000000,878806.000000,1764.164062,1716.416016,336.416006,328.079998,8.961096,9.188783,768,768,768,1
24,64,786432,50331648,48.000000,1104,24.000000,35328,12,1.000000,2452318.500000,2365193.000000,4789.682617,4619.515625,1026.160002,997.280002,17.626818,18.137269,768,768,768,1
24,64,786432,50331648,48.000000,184,4.000000,5888,12,1.000000,732716.000000,665619.000000,1431.083984,1300.035156,276.495993,252.432004,10.903073,11.942448,768,768,768,1
24,32,786432,25165824,24.000000,1104,24.000000,35328,12,1.000000,1123167.500000,975588.000000,2193.684570,1905.443359,470.991999,418.783993,38.403914,43.191565,768,768,768,1
24,32,786432,25165824,24.000000,184,4.000000,5888,12,1.000000,574609.000000,220627.000000,1122.281250,430.910156,221.151993,84.975999,13.631602,35.476559,768,768,768,1
24,16,1572864,25165824,24.000000,1104,24.000000,35328,12,1.000000,1123530.000000,974717.500000,2194.392578,1903.743164,470.047995,418.752015,38.481041,43.194863,768,768,768,1
24,16,1572864,25165824,24.000000,184,4.000000,5888,12,1.000000,555678.000000,219303.000000,1085.306641,428.324219,214.112006,84.767997,14.079808,35.563610,768,768,768,1
24,8,3145728,25165824,24.000000,1104,24.000000,35328,12,1.000000,1121483.500000,976196.000000,2190.395508,1906.630859,471.039996,418.816000,38.400000,43.188264,768,768,768,1
24,8,3145728,25165824,24.000000,184,4.000000,5888,12,1.000000,552353.000000,218566.500000,1078.812500,426.885742,208.944000,84.639996,14.428057,35.617393,768,768,768,1
24,4,6291456,25165824,24.000000,1104,24.000000,35328,12,1.000000,1123859.000000,976669.500000,2195.035156,1907.555664,470.991999,418.736011,38.403914,43.196514,768,768,768,1
24,4,6291456,25165824,24.000000,184,4.000000,5888,12,1.000000,551561.000000,217864.500000,1077.265625,425.514648,206.831999,84.767997,14.575385,35.563610,768,768,768,1
23,256,753664,192937984,184.000000,1104,24.000000,35328,12,1.000000,3909090.000000,3872302.500000,7634.939453,7563.088867,1629.152000,1617.903948,11.102669,11.179858,768,768,768,1
23,256,753664,192937984,184.000000,184,4.000000,5888,12,1.000000,899988.000000,873892.500000,1757.787109,1706.819336,336.912006,326.480001,8.947903,9.233815,768,768,768,1
23,128,753664,96468992,92.000000,1104,24.000000,35328,12,1.000000,3829907.500000,3792196.500000,7480.286133,7406.631836,1591.408014,1580.080032,11.365995,11.447481,768,768,768,1
23,128,753664,96468992,92.000000,184,4.000000,5888,12,1.000000,891398.000000,863627.000000,1741.009766,1686.769531,333.855987,323.183998,9.029810,9.327987,768,768,768,1
23,64,753664,48234496,46.000000,1104,24.000000,35328,12,1.000000,2205712.500000,2120179.500000,4308.030273,4140.973633,920.576006,886.960000,19.648498,20.393181,768,768,768,1
23,64,753664,48234496,46.000000,184,4.000000,5888,12,1.000000,707021.500000,636687.000000,1380.899414,1243.527344,266.239986,240.015998,11.323078,12.560229,768,768,768,1
23,32,753664,24117248,23.000000,1104,24.000000,35328,12,1.000000,1115039.500000,973517.500000,2177.809570,1901.399414,467.040002,418.799996,38.728880,43.189914,768,768,768,1
23,32,753664,24117248,23.000000,184,4.000000,5888,12,1.000000,566671.000000,220606.500000,1106.777344,430.870117,218.128003,84.608003,13.820582,35.630861,768,768,768,1
23,16,1507328,24117248,23.000000,1104,24.000000,35328,12,1.000000,1115925.500000,975814.000000,2179.540039,1905.884766,466.975987,418.832004,38.734189,43.186614,768,768,768,1
23,16,1507328,24117248,23.000000,184,4.000000,5888,12,1.000000,545626.000000,219327.000000,1065.673828,428.371094,210.912004,84.783997,14.293430,35.556899,768,768,768,1
23,8,3014656,24117248,23.000000,1104,24.000000,35328,12,1.000000,1115694.000000,976666.000000,2179.087891,1907.548828,466.991991,418.768004,38.732861,43.193214,768,768,768,1
23,8,3014656,24117248,23.000000,184,4.000000,5888,12,1.000000,543744.000000,218397.000000,1061.998047,426.554688,204.911999,84.671997,14.711954,35.603932,768,768,768,1
23,4,6029312,24117248,23.000000,1104,24.000000,35328,12,1.000000,1115477.000000,976539.000000,2178.664062,1907.300781,466.912001,418.816000,38.739497,43.188264,768,768,768,1
23,4,6029312,24117248,23.000000,184,4.000000,5888,12,1.000000,541202.500000,217870.500000,1057.034180,425.526367,204.800002,84.624000,14.720000,35.624126,768,768,768,1
22,256,720896,184549376,176.000000,1104,24.000000,35328,12,1.000000,3792947.500000,3762547.000000,7408.098633,7348.722656,1577.904046,1566.048026,11.463267,11.550052,768,768,768,1
22,256,720896,184549376,176.000000,184,4.000000,5888,12,1.000000,887223.000000,855628.000000,1732.855469,1671.146484,331.791997,322.176009,9.085982,9.357171,768,768,768,1
22,128,720896,92274688,88.000000,1104,24.000000,35328,12,1.000000,3701559.500000,3665200.500000,7229.606445,7158.592773,1542.111993,1529.839993,11.729327,11.823417,768,768,768,1
22,128,720896,92274688,88.000000,184,4.000000,5888,12,1.000000,876528.000000,851092.500000,1711.966797,1662.288086,327.679992,318.207994,9.200000,9.473854,768,768,768,1
22,64,720896,46137344,44.000000,1104,24.000000,35328,12,1.000000,1922284.500000,1811022.500000,3754.459961,3537.151367,800.479978,759.936005,22.596363,23.801920,768,768,768,1
22,64,720896,46137344,44.000000,184,4.000000,5888,12,1.000000,676042.000000,596913.500000,1320.392578,1165.844727,255.920008,226.159997,11.779681,13.329749,768,768,768,1
22,32,720896,23068672,22.000000,1104,24.000000,35328,12,1.000000,1108216.000000,977446.500000,2164.482422,1909.073242,464.895993,418.656006,38.907490,43.204769,768,768,768,1
22,32,720896,23068672,22.000000,184,4.000000,5888,12,1.000000,555031.500000,220772.500000,1084.043945,431.194336,216.128007,84.783997,13.948475,35.556899,768,768,768,1
22,16,1441792,23068672,22.000000,1104,24.000000,35328,12,1.000000,1106501.500000,975742.000000,2161.133789,1905.744141,464.863986,417.952001,38.910168,43.277544,768,768,768,1
22,16,1441792,23068672,22.000000,184,4.000000,5888,12,1.000000,525744.000000,219091.000000,1026.841797,427.910156,206.799999,84.751997,14.577640,35.570324,768,768,768,1
22,8,2883584,23068672,22.000000,1104,24.000000,35328,12,1.000000,1107024.500000,975683.000000,2162.155273,1905.628906,464.863986,418.671995,38.910168,43.203119,768,768,768,1
22,8,2883584,23068672,22.000000,184,4.000000,5888,12,1.000000,531487.500000,218683.000000,1038.059570,427.113281,202.688001,84.799998,14.873382,35.550190,768,768,768,1
22,4,5767168,23068672,22.000000,1104,24.000000,35328,12,1.000000,1107441.000000,973333.000000,2162.968750,1901.039062,464.832008,417.903990,38.912845,43.282516,768,768,768,1
22,4,5767168,23068672,22.000000,184,4.000000,5888,12,1.000000,529686.500000,218118.000000,1034.541992,426.009766,200.576000,84.735997,15.029994,35.577041,768,768,768,1
21,256,688128,176160768,168.000000,1104,24.000000,35328,12,1.000000,3655108.000000,3628284.000000,7138.880859,7086.490234,1524.623990,1509.663999,11.863867,11.981432,768,768,768,1
21,256,688128,176160768,168.000000,184,4.000000,5888,12,1.000000,866408.000000,836900.000000,1692.201172,1634.568359,324.527994,314.080000,9.289356,9.598370,768,768,768,1
21,128,688128,88080384,84.000000,1104,24.000000,35328,12,1.000000,3571381.000000,3536521.000000,6975.351562,6907.265625,1484.847963,1473.568022,12.181675,12.274924,768,768,768,1
21,128,688128,88080384,84.000000,184,4.000000,5888,12,1.000000,853554.500000,824666.000000,1667.096680,1610.673828,321.487993,310.144007,9.377196,9.720181,768,768,768,1
21,64,688128,44040192,42.000000,1104,24.000000,35328,12,1.000000,1623537.500000,1510595.000000,3170.969727,2950.378906,659.391999,614.495993,27.431234,29.435401,768,768,768,1
21,64,688128,44040192,42.000000,184,4.000000,5888,12,1.000000,642206.000000,553154.500000,1254.306641,1080.377930,243.679993,211.375996,12.371373,14.262055,768,768,768,1
21,32,688128,22020096,21.000000,1104,24.000000,35328,12,1.000000,1098350.500000,976258.500000,2145.213867,1906.752930,460.767999,417.919993,39.256060,43.280858,768,768,768,1
21,32,688128,22020096,21.000000,184,4.000000,5888,12,1.000000,532951.500000,220377.000000,1040.918945,430.421875,215.039998,84.799998,14.019048,35.550190,768,768,768,1
21,16,1376256,22020096,21.000000,1104,24.000000,35328,12,1.000000,1097676.500000,976086.000000,2143.897461,1906.416016,460.799992,417.952001,39.253334,43.277544,768,768,768,1
21,16,1376256,22020096,21.000000,184,4.000000,5888,12,1.000000,518502.500000,219468.500000,1012.698242,428.647461,202.735998,84.799998,14.869860,35.550190,768,768,768,1
21,8,2752512,22020096,21.000000,1104,24.000000,35328,12,1.000000,1099387.000000,976020.000000,2147.238281,1906.287109,460.784003,418.704003,39.254696,43.199816,768,768,768,1
21,8,2752512,22020096,21.000000,184,4.000000,5888,12,1.000000,522862.500000,218650.000000,1021.213867,427.048828,198.639996,84.751997,15.176480,35.570324,768,768,768,1
21,4,5505024,22020096,21.000000,1104,24.000000,35328,12,1.000000,1099132.500000,976121.500000,2146.741211,1906.485352,460.768014,417.968005,39.256058,43.275887,768,768,768,1
21,4,5505024,22020096,21.000000,184,4.000000,5888,12,1.000000,520445.500000,218040.000000,1016.493164,425.857422,196.560003,84.735997,15.337078,35.577041,768,768,768,1
20,256,655360,167772160,160.000000,1104,24.000000,35328,12,1.000000,3528576.500000,3489044.500000,6891.749023,6814.538086,1466.383994,1454.016030,12.335061,12.439984,768,768,768,1
20,256,655360,167772160,160.000000,184,4.000000,5888,12,1.000000,846829.500000,817530.500000,1653.961914,1596.737305,317.519993,306.927994,9.494382,9.822030,768,768,768,1
20,128,655360,83886080,80.000000,1104,24.000000,35328,12,1.000000,3428757.500000,3385705.500000,6696.790039,6612.704102,1427.599967,1415.552020,12.670171,12.778009,768,768,768,1
20,128,655360,83886080,80.000000,184,4.000000,5888,12,1.000000,838824.000000,809894.500000,1638.326172,1581.823242,313.455999,301.872000,9.617477,9.986537,768,768,768,1
20,64,655360,41943040,40.000000,1104,24.000000,35328,12,1.000000,1289389.000000,1159402.000000,2518.335938,2264.455078,497.695997,447.520003,36.343342,40.418162,768,768,768,1
20,64,655360,41943040,40.000000,184,4.000000,5888,12,1.000000,608513.500000,509678.500000,1188.500977,995.463867,231.408000,194.288000,13.027449,15.516429,768,768,768,1
20,32,655360,20971520,20.000000,1104,24.000000,35328,12,1.000000,1089069.000000,973993.500000,2127.085938,1902.329102,458.752006,418.799996,39.428571,43.189914,768,768,768,1
20,32,655360,20971520,20.000000,184,4.000000,5888,12,1.000000,504308.000000,220378.000000,984.974609,430.423828,215.024002,84.767997,14.020091,35.563610,768,768,768,1
20,16,1310720,20971520,20.000000,1104,24.000000,35328,12,1.000000,1091377.500000,975049.500000,2131.594727,1904.391602,458.752006,418.320000,39.428571,43.239472,768,768,768,1
20,16,1310720,20971520,20.000000,184,4.000000,5888,12,1.000000,507619.000000,219248.000000,991.441406,428.216797,198.608004,84.767997,15.178925,35.563610,768,768,768,1
20,8,2621440,20971520,20.000000,1104,24.000000,35328,12,1.000000,1091060.500000,976627.500000,2130.975586,1907.473633,458.687991,417.887986,39.434074,43.284173,768,768,768,1
20,8,2621440,20971520,20.000000,184,4.000000,5888,12,1.000000,509475.000000,218893.000000,995.066406,427.523438,194.512002,84.751997,15.498560,35.570324,768,768,768,1
20,4,5242880,20971520,20.000000,1104,24.000000,35328,12,1.000000,1092087.500000,975091.500000,2132.981445,1904.473633,458.703995,418.320000,39.432698,43.239472,768,768,768,1
20,4,5242880,20971520,20.000000,184,4.000000,5888,12,1.000000,507879.500000,218036.500000,991.950195,425.850586,192.447998,84.815998,15.664782,35.543483,768,768,768,1
19,256,622592,159383552,152.000000,1104,24.000000,35328,12,1.000000,3366933.500000,3324739.000000,6576.040039,6493.628906,1402.960002,1388.431966,12.892695,13.027600,768,768,768,1
19,256,622592,159383552,152.000000,184,4.000000,5888,12,1.000000,826991.000000,792752.000000,1615.214844,1548.341797,309.312001,297.888011,9.746327,10.120098,768,768,768,1
19,128,622592,79691776,76.000000,1104,24.000000,35328,12,1.000000,3276272.500000,3232240.500000,6398.967773,6312.967773,1366.015971,1350.735962,13.241380,13.391171,768,768,768,1
19,128,622592,79691776,76.000000,184,4.000000,5888,12,1.000000,818540.500000,784098.000000,1598.709961,1531.439453,306.176007,294.655994,9.846154,10.231104,768,768,768,1
19,64,622592,39845888,38.000000,1104,24.000000,35328,12,1.000000,1121658.000000,979064.500000,2190.736328,1912.233398,473.104000,422.895998,38.232473,42.771594,768,768,768,1
19,64,622592,39845888,38.000000,184,4.000000,5888,12,1.000000,575202.500000,456978.500000,1123.440430,892.534180,219.104007,176.863998,13.759018,17.045052,768,768,768,1
19,32,622592,19922944,19.000000,1104,24.000000,35328,12,1.000000,1083818.000000,976384.000000,2116.830078,1906.998047,456.672013,417.983994,39.608155,43.274231,768,768,768,1
19,32,622592,19922944,19.000000,184,4.000000,5888,12,1.000000,513529.500000,220851.500000,1002.985352,431.348633,210.960001,84.799998,14.290178,35.550190,768,768,768,1
19,16,1245184,19922944,19.000000,1104,24.000000,35328,12,1.000000,1081735.500000,975288.500000,2112.762695,1904.858398,456.703991,418.624014,39.605382,43.208071,768,768,768,1
19,16,1245184,19922944,19.000000,184,4.000000,5888,12,1.000000,497875.000000,219466.000000,972.410156,428.642578,194.576003,84.767997,15.493462,35.563610,768,768,768,1
19,8,2490368,19922944,19.000000,1104,24.000000,35328,12,1.000000,1084437.000000,976015.000000,2118.039062,1906.277344,456.703991,417.919993,39.605382,43.280858,768,768,768,1
19,8,2490368,19922944,19.000000,184,4.000000,5888,12,1.000000,491074.500000,218629.500000,959.127930,427.008789,188.448004,84.719997,15.997283,35.583760,768,768,768,1
19,4,4980736,19922944,19.000000,1104,24.000000,35328,12,1.000000,1082661.500000,976020.500000,2114.571289,1906.288086,456.703991,418.816000,39.605382,43.188264,768,768,768,1
19,4,4980736,19922944,19.000000,184,4.000000,5888,12,1.000000,494421.000000,217891.500000,965.664062,425.567383,188.383996,84.799998,16.002718,35.550190,768,768,768,1
18,256,589824,150994944,144.000000,1104,24.000000,35328,12,1.000000,3190042.000000,3145923.500000,6230.548828,6144.379883,1330.175996,1314.640045,13.598152,13.758851,768,768,768,1
18,256,589824,150994944,144.000000,184,4.000000,5888,12,1.000000,803929.000000,772191.000000,1570.171875,1508.183594,301.008001,287.648007,10.015202,10.480365,768,768,768,1
18,128,589824,75497472,72.000000,1104,24.000000,35328,12,1.000000,3086762.500000,3055300.500000,6028.831055,5967.381836,1291.248024,1275.951982,14.008104,14.176032,768,768,768,1
18,128,589824,75497472,72.000000,184,4.000000,5888,12,1.000000,792747.000000,760343.500000,1548.332031,1485.043945,296.991989,285.392001,10.150631,10.563211,768,768,768,1
18,64,589824,37748736,36.000000,1104,24.000000,35328,12,1.000000,1104751.000000,975529.000000,2157.714844,1905.328125,464.928001,420.863986,38.904811,42.978104,768,768,768,1
18,64,589824,37748736,36.000000,184,4.000000,5888,12,1.000000,527069.000000,338099.500000,1029.429688,660.348633,212.991998,150.176004,14.153846,20.074153,768,768,768,1
18,32,589824,18874368,18.000000,1104,24.000000,35328,12,1.000000,1074027.000000,976558.000000,2097.707031,1907.337891,452.639997,418.672010,39.960976,43.203117,768,768,768,1
18,32,589824,18874368,18.000000,184,4.000000,5888,12,1.000000,490885.000000,220417.500000,958.757812,430.500977,208.880000,84.959999,14.432478,35.483240,768,768,768,1
18,16,1179648,18874368,18.000000,1104,24.000000,35328,12,1.000000,1073473.000000,974872.000000,2096.625000,1904.044922,453.567997,418.656006,39.879216,43.204769,768,768,768,1
18,16,1179648,18874368,18.000000,184,4.000000,5888,12,1.000000,487512.500000,219174.000000,952.170898,428.072266,190.416001,84.767997,15.831947,35.563610,768,768,768,1
18,8,2359296,18874368,18.000000,1104,24.000000,35328,12,1.000000,1073257.000000,974383.500000,2096.203125,1903.090820,452.592000,418.303996,39.965214,43.241126,768,768,768,1
18,8,2359296,18874368,18.000000,184,4.000000,5888,12,1.000000,483868.500000,218684.000000,945.053711,427.115234,184.256002,84.815998,16.361236,35.543483,768,768,768,1
18,4,4718592,18874368,18.000000,1104,24.000000,35328,12,1.000000,1075343.000000,975230.000000,2100.277344,1904.744141,452.592000,418.687999,39.965214,43.201468,768,768,768,1
18,4,4718592,18874368,18.000000,184,4.000000,5888,12,1.000000,482284.500000,218175.000000,941.959961,426.121094,182.368003,84.799998,16.530619,35.550190,768,768,768,1
17,256,557056,142606336,136.000000,1104,24.000000,35328,12,1.000000,3002287.000000,2964756.000000,5863.839844,5790.537109,1252.368033,1238.047957,14.442988,14.610045,768,768,768,1
17,256,557056,142606336,136.000000,184,4.000000,5888,12,1.000000,778057.500000,740900.000000,1519.641602,1447.068359,291.856006,279.327989,10.329258,10.792531,768,768,768,1
17,128,557056,71303168,68.000000,1104,24.000000,35328,12,1.000000,2897575.000000,2868773.000000,5659.324219,5603.070312,1214.559972,1198.927999,14.892584,15.086758,768,768,768,1
17,128,557056,71303168,68.000000,184,4.000000,5888,12,1.000000,771188.500000,734244.000000,1506.225586,1434.068359,288.783997,276.303992,10.439138,10.910649,768,768,768,1
17,64,557056,35651584,34.000000,1104,24.000000,35328,12,1.000000,1094191.000000,977295.000000,2137.089844,1908.777344,460.784003,418.863997,39.254696,43.183315,768,768,768,1
17,64,557056,35651584,34.000000,184,4.000000,5888,12,1.000000,505431.500000,239510.000000,987.168945,467.791016,213.040002,95.088001,14.150657,31.703853,768,768,768,1
17,32,557056,17825792,17.000000,1104,24.000000,35328,12,1.000000,1067357.000000,975632.500000,2084.679688,1905.530273,450.623989,418.752015,40.139754,43.194863,768,768,768,1
17,32,557056,17825792,17.000000,184,4.000000,5888,12,1.000000,485600.000000,220876.000000,948.435547,431.396484,207.791999,84.847998,14.508047,35.530078,768,768,768,1
17,16,1114112,17825792,17.000000,1104,24.000000,35328,12,1.000000,1067352.500000,976018.500000,2084.670898,1906.284180,450.527996,417.952001,40.148306,43.277544,768,768,768,1
17,16,1114112,17825792,17.000000,184,4.000000,5888,12,1.000000,472290.500000,219230.500000,922.440430,428.182617,184.351996,84.799998,16.352717,35.550190,768,768,768,1
17,8,2228224,17825792,17.000000,1104,24.000000,35328,12,1.000000,1066209.000000,975359.000000,2082.437500,1904.996094,450.608000,418.768004,40.141178,43.193214,768,768,768,1
17,8,2228224,17825792,17.000000,184,4.000000,5888,12,1.000000,467900.000000,218542.000000,913.865234,426.837891,180.191994,84.831998,16.730244,35.536780,768,768,768,1
17,4,4456448,17825792,17.000000,1104,24.000000,35328,12,1.000000,1068144.500000,975622.000000,2086.217773,1905.509766,450.592011,418.704003,40.142603,43.199816,768,768,768,1
17,4,4456448,17825792,17.000000,184,4.000000,5888,12,1.000000,466857.000000,218140.000000,911.828125,426.052734,178.112000,84.751997,16.925620,35.570324,768,768,768,1
16,256,524288,134217728,128.000000,1104,24.000000,35328,12,1.000000,2797694.000000,2744935.500000,5464.244141,5361.200195,1163.295984,1143.696010,15.548868,15.815335,768,768,768,1
16,256,524288,134217728,128.000000,184,4.000000,5888,12,1.000000,753432.000000,713491.500000,1471.544922,1393.536133,282.687992,270.111993,10.664252,11.160763,768,768,768,1
16,128,524288,67108864,64.000000,1104,24.000000,35328,12,1.000000,2703814.500000,2655493.500000,5280.885742,5186.508789,1125.312030,1108.063996,16.073707,16.323909,768,768,768,1
16,128,524288,67108864,64.000000,184,4.000000,5888,12,1.000000,741035.000000,706990.500000,1447.332031,1380.838867,279.568002,267.056003,10.783266,11.288479,768,768,768,1
16,64,524288,33554432,32.000000,1104,24.000000,35328,12,1.000000,1085808.500000,974438.500000,2120.717773,1903.198242,456.719995,418.816000,39.603994,43.188264,768,768,768,1
16,64,524288,33554432,32.000000,184,4.000000,5888,12,1.000000,497742.500000,222096.500000,972.151367,433.780273,210.943997,86.815998,14.291262,34.724660,768,768,768,1
16,32,524288,16777216,16.000000,1104,24.000000,35328,12,1.000000,1060198.000000,974857.000000,2070.697266,1904.015625,448.480010,418.384001,40.331644,43.232858,768,768,768,1
16,32,524288,16777216,16.000000,184,4.000000,5888,12,1.000000,479085.500000,220439.500000,935.711914,430.543945,204.832003,84.847998,14.717700,35.530078,768,768,768,1
16,16,1048576,16777216,16.000000,1104,24.000000,35328,12,1.000000,1060945.000000,976168.000000,2072.156250,1906.576172,448.543996,418.784007,40.325890,43.191563,768,768,768,1
16,16,1048576,16777216,16.000000,184,4.000000,5888,12,1.000000,464244.000000,219381.000000,906.724609,428.476562,178.208001,84.831998,16.916502,35.536780,768,768,768,1
16,8,2097152,16777216,16.000000,1104,24.000000,35328,12,1.000000,1061853.000000,976935.000000,2073.929688,1908.074219,448.480010,418.191999,40.331644,43.252707,768,768,768,1
16,8,2097152,16777216,16.000000,184,4.000000,5888,12,1.000000,452282.500000,218337.000000,883.362305,426.437500,174.079999,84.703997,17.317647,35.590481,768,768,768,1
16,4,4194304,16777216,16.000000,1104,24.000000,35328,12,1.000000,1061892.000000,977393.500000,2074.005859,1908.969727,448.495999,417.952001,40.330206,43.277544,768,768,768,1
16,4,4194304,16777216,16.000000,184,4.000000,5888,12,1.000000,452521.500000,217994.500000,883.829102,425.768555,172.064006,84.783997,17.520550,35.556899,768,768,768,1
12,256,393216,100663296,96.000000,1104,24.000000,35328,12,1.000000,1635394.500000,1581447.500000,3194.127930,3088.762695,662.591994,638.512015,27.298754,28.328263,768,768,768,1
12,256,393216,100663296,96.000000,184,4.000000,5888,12,1.000000,607066.500000,559681.000000,1185.674805,1093.125000,231.487997,211.824000,13.022947,14.231891,768,768,768,1
12,128,393216,50331648,48.000000,1104,24.000000,35328,12,1.000000,1584443.500000,1510662.500000,3094.614258,2950.510742,634.960026,608.848006,28.486732,29.708459,768,768,768,1
12,128,393216,50331648,48.000000,184,4.000000,5888,12,1.000000,602432.500000,557623.500000,1176.624023,1089.106445,229.424000,211.856000,13.140107,14.229741,768,768,768,1
12,64,393216,25165824,24.000000,1104,24.000000,35328,12,1.000000,1049616.000000,975437.500000,2050.029297,1905.149414,444.415987,418.784007,40.700462,43.191563,768,768,768,1
12,64,393216,25165824,24.000000,184,4.000000,5888,12,1.000000,419815.500000,222183.500000,819.950195,433.950195,197.647996,86.799998,15.252651,34.731061,768,768,768,1
12,32,393216,12582912,12.000000,1104,24.000000,35328,12,1.000000,1031017.000000,976251.500000,2013.703125,1906.739258,438.255996,418.752015,41.272535,43.194863,768,768,768,1
12,32,393216,12582912,12.000000,184,4.000000,5888,12,1.000000,405290.500000,220681.000000,791.581055,431.015625,192.528002,84.863998,15.658273,35.523379,768,768,768,1
12,16,786432,12582912,12.000000,1104,24.000000,35328,12,1.000000,1031446.000000,976111.500000,2014.541016,1906.465820,438.239992,418.720007,41.274042,43.198165,768,768,768,1
12,16,786432,12582912,12.000000,184,4.000000,5888,12,1.000000,397956.000000,219292.500000,777.255859,428.303711,153.616004,84.815998,19.624622,35.543483,768,768,768,1
12,8,1572864,12582912,12.000000,1104,24.000000,35328,12,1.000000,1031049.000000,975033.500000,2013.765625,1904.360352,438.208014,417.999998,41.277054,43.272574,768,768,768,1
12,8,1572864,12582912,12.000000,184,4.000000,5888,12,1.000000,392653.000000,218553.500000,766.898438,426.860352,151.504003,84.799998,19.898194,35.550190,768,768,768,1
12,4,3145728,12582912,12.000000,1104,24.000000,35328,12,1.000000,1030535.000000,974655.500000,2012.761719,1903.622070,438.208014,418.576002,41.277054,43.213027,768,768,768,1
12,4,3145728,12582912,12.000000,184,4.000000,5888,12,1.000000,391277.000000,218219.000000,764.210938,426.207031,149.471998,84.767997,20.168701,35.563610,768,768,768,1
11,256,360448,92274688,88.000000,1104,24.000000,35328,12,1.000000,1250405.500000,1178896.000000,2442.196289,2302.529297,477.248013,450.767994,37.900495,40.126931,768,768,768,1
11,256,360448,92274688,88.000000,184,4.000000,5888,12,1.000000,570874.500000,514539.500000,1114.987305,1004.958008,217.087999,196.432002,13.886793,15.347072,768,768,768,1
11,128,360448,46137344,44.000000,1104,24.000000,35328,12,1.000000,1206116.000000,1137715.000000,2355.693359,2222.097656,468.943998,441.359997,38.571633,40.982273,768,768,768,1
11,128,360448,46137344,44.000000,184,4.000000,5888,12,1.000000,564191.500000,513551.000000,1101.934570,1003.027344,215.104006,197.280005,14.014876,15.281103,768,768,768,1
11,64,360448,23068672,22.000000,1104,24.000000,35328,12,1.000000,1042517.500000,974687.500000,2036.165039,1903.684570,442.319989,418.768004,40.893327,43.193214,768,768,768,1
11,64,360448,23068672,22.000000,184,4.000000,5888,12,1.000000,408940.500000,222426.500000,798.709961,434.424805,196.528003,86.128000,15.339575,35.002043,768,768,768,1
11,32,360448,11534336,11.000000,1104,24.000000,35328,12,1.000000,1023870.500000,976399.000000,1999.745117,1907.027344,436.224014,418.752015,41.464787,43.194863,768,768,768,1
11,32,360448,11534336,11.000000,184,4.000000,5888,12,1.000000,398669.500000,220329.500000,778.649414,430.329102,191.376001,84.799998,15.752529,35.550190,768,768,768,1
11,16,720896,11534336,11.000000,1104,24.000000,35328,12,1.000000,1023830.000000,975205.500000,1999.666016,1904.696289,436.176002,418.592006,41.469352,43.211375,768,768,768,1
11,16,720896,11534336,11.000000,184,4.000000,5888,12,1.000000,375265.000000,219284.500000,732.937500,428.288086,147.440001,84.799998,20.446663,35.550190,768,768,768,1
11,8,1441792,11534336,11.000000,1104,24.000000,35328,12,1.000000,1022789.000000,974374.000000,1997.632812,1903.072266,436.224014,418.671995,41.464787,43.203119,768,768,768,1
11,8,1441792,11534336,11.000000,184,4.000000,5888,12,1.000000,378220.000000,218682.000000,738.708984,427.111328,145.360000,84.751997,20.739240,35.570324,768,768,768,1
11,4,2883584,11534336,11.000000,1104,24.000000,35328,12,1.000000,1028528.000000,977523.500000,2008.841797,1909.223633,436.192006,418.848008,41.467830,43.184964,768,768,768,1
11,4,2883584,11534336,11.000000,184,4.000000,5888,12,1.000000,377982.500000,218435.000000,738.245117,426.628906,143.360004,84.799998,21.028571,35.550190,768,768,768,1
10,256,327680,83886080,80.000000,1104,24.000000,35328,12,1.000000,1068946.500000,986751.000000,2087.784180,1927.246094,452.528000,422.959998,39.970866,42.765122,768,768,768,1
10,256,327680,83886080,80.000000,184,4.000000,5888,12,1.000000,521096.000000,464988.500000,1017.763672,908.178711,200.735994,179.040000,15.018014,16.837891,768,768,768,1
10,128,327680,41943040,40.000000,1104,24.000000,35328,12,1.000000,1057177.000000,983359.000000,2064.796875,1920.621094,449.568003,424.000010,40.234038,42.660225,768,768,768,1
10,128,327680,41943040,40.000000,184,4.000000,5888,12,1.000000,519128.500000,463317.500000,1013.920898,904.915039,200.719997,178.992003,15.019211,16.842406,768,768,768,1
10,64,327680,20971520,20.000000,1104,24.000000,35328,12,1.000000,1036023.000000,976741.000000,2023.480469,1907.695312,440.224007,418.816000,41.088027,43.188264,768,768,768,1
10,64,327680,20971520,20.000000,184,4.000000,5888,12,1.000000,390812.500000,222486.000000,763.303711,434.541016,192.464001,86.831998,15.663480,34.718261,768,768,768,1
10,32,327680,10485760,10.000000,1104,24.000000,35328,12,1.000000,1018799.500000,979057.000000,1989.840820,1912.218750,434.159994,418.799996,41.661913,43.189914,768,768,768,1
10,32,327680,10485760,10.000000,184,4.000000,5888,12,1.000000,379649.000000,220618.500000,741.500000,430.893555,188.416004,84.799998,16.000000,35.550190,768,768,768,1
10,16,655360,10485760,10.000000,1104,24.000000,35328,12,1.000000,1016097.000000,975965.500000,1984.562500,1906.180664,434.175998,418.752015,41.660378,43.194863,768,768,768,1
10,16,655360,10485760,10.000000,184,4.000000,5888,12,1.000000,365378.000000,219338.000000,713.626953,428.392578,142.239995,84.767997,21.194151,35.563610,768,768,768,1
10,8,1310720,10485760,10.000000,1104,24.000000,35328,12,1.000000,1016505.000000,975995.000000,1985.359375,1906.238281,434.112012,418.832004,41.666518,43.186614,768,768,768,1
10,8,1310720,10485760,10.000000,184,4.000000,5888,12,1.000000,362595.000000,218599.500000,708.191406,426.950195,139.231995,84.767997,21.652035,35.563610,768,768,768,1
10,4,2621440,10485760,10.000000,1104,24.000000,35328,12,1.000000,1017875.000000,975716.500000,1988.035156,1905.694336,434.175998,418.816000,41.660378,43.188264,768,768,768,1
10,4,2621440,10485760,10.000000,184,4.000000,5888,12,1.000000,361130.000000,218276.000000,705.330078,426.318359,137.216002,84.799998,21.970149,35.550190,768,768,768,1
9,256,294912,75497472,72.000000,1104,24.000000,35328,12,1.000000,1044040.000000,974763.000000,2039.138672,1903.832031,444.399998,420.816004,40.701926,42.983004,768,768,768,1
9,256,294912,75497472,72.000000,184,4.000000,5888,12,1.000000,429653.500000,311289.500000,839.165039,607.985352,196.560003,140.000001,15.337078,21.533257,768,768,768,1
9,128,294912,37748736,36.000000,1104,24.000000,35328,12,1.000000,1037874.000000,974578.500000,2027.095703,1903.471680,442.431986,420.816004,40.882975,42.983004,768,768,768,1
9,128,294912,37748736,36.000000,184,4.000000,5888,12,1.000000,424532.000000,312943.500000,829.162109,611.215820,194.560006,137.999997,15.494736,21.845334,768,768,768,1
9,64,294912,18874368,18.000000,1104,24.000000,35328,12,1.000000,1025834.500000,975376.500000,2003.581055,1905.030273,436.255991,418.799996,41.461748,43.189914,768,768,768,1
9,64,294912,18874368,18.000000,184,4.000000,5888,12,1.000000,383106.000000,222564.000000,748.251953,434.693359,188.447997,86.799998,15.997283,34.731061,768,768,768,1
9,32,294912,9437184,9.000000,1104,24.000000,35328,12,1.000000,1006978.000000,975873.500000,1966.751953,1906.000977,430.112004,418.783993,42.054013,43.191565,768,768,768,1
9,32,294912,9437184,9.000000,184,4.000000,5888,12,1.000000,373096.000000,220323.500000,728.701172,430.317383,184.271999,84.831998,16.359816,35.536780,768,768,768,1
9,16,589824,9437184,9.000000,1104,24.000000,35328,12,1.000000,1008008.000000,976284.500000,1968.763672,1906.803711,430.112004,418.288007,42.054013,43.242779,768,768,768,1
9,16,589824,9437184,9.000000,184,4.000000,5888,12,1.000000,347185.000000,219550.500000,678.093750,428.807617,135.135993,84.815998,22.308313,35.543483,768,768,768,1
9,8,1179648,9437184,9.000000,1104,24.000000,35328,12,1.000000,1008485.500000,975279.000000,1969.696289,1904.839844,430.128008,418.783993,42.052449,43.191565,768,768,768,1
9,8,1179648,9437184,9.000000,184,4.000000,5888,12,1.000000,346124.000000,218740.500000,676.021484,427.225586,131.120004,84.799998,22.991580,35.550190,768,768,768,1
9,4,2359296,9437184,9.000000,1104,24.000000,35328,12,1.000000,1007754.000000,976121.500000,1968.267578,1906.485352,430.063993,417.871997,42.058708,43.285829,768,768,768,1
9,4,2359296,9437184,9.000000,184,4.000000,5888,12,1.000000,344487.000000,217985.000000,672.824219,425.750000,131.040007,84.751997,23.005615,35.570324,768,768,768,1
8,256,262144,67108864,64.000000,1104,24.000000,35328,12,1.000000,1035359.000000,976375.500000,2022.183594,1906.981445,439.199999,417.919993,41.183825,43.280858,768,768,768,1
8,256,262144,67108864,64.000000,184,4.000000,5888,12,1.000000,369146.000000,226023.500000,720.986328,441.450195,173.072003,86.879998,17.418508,34.699080,768,768,768,1
8,128,262144,33554432,32.000000,1104,24.000000,35328,12,1.000000,1031294.000000,976453.000000,2014.244141,1907.132812,438.208014,417.919993,41.277054,43.280858,768,768,768,1
8,128,262144,33554432,32.000000,184,4.000000,5888,12,1.000000,365896.000000,225781.000000,714.638672,440.976562,173.040003,86.815998,17.421729,34.724660,768,768,768,1
8,64,262144,16777216,16.000000,1104,24.000000,35328,12,1.000000,1019863.000000,976732.000000,1991.917969,1907.677734,434.159994,418.768004,41.661913,43.193214,768,768,768,1
8,64,262144,16777216,16.000000,184,4.000000,5888,12,1.000000,355266.500000,222441.500000,693.877930,434.454102,167.039998,86.719997,18.047510,34.763101,768,768,768,1
8,32,262144,8388608,8.000000,1104,24.000000,35328,12,1.000000,1004352.000000,976637.000000,1961.623047,1907.492188,428.063989,418.863997,42.255215,43.183315,768,768,768,1
8,32,262144,8388608,8.000000,184,4.000000,5888,12,1.000000,343762.500000,220604.500000,671.409180,430.866211,164.831996,84.815998,18.289265,35.543483,768,768,768,1
8,16,524288,8388608,8.000000,1104,24.000000,35328,12,1.000000,1003715.000000,975768.000000,1960.378906,1905.794922,428.032011,418.767989,42.258372,43.193216,768,768,768,1
8,16,524288,8388608,8.000000,184,4.000000,5888,12,1.000000,329729.500000,219488.500000,644.000977,428.686523,128.959998,84.927998,23.376675,35.496610,768,768,768,1
8,8,1048576,8388608,8.000000,1104,24.000000,35328,12,1.000000,1003644.500000,977484.500000,1960.241211,1909.147461,428.079993,418.608010,42.253636,43.209723,768,768,768,1
8,8,1048576,8388608,8.000000,184,4.000000,5888,12,1.000000,329361.500000,218560.000000,643.282227,426.873047,126.848005,84.415998,23.765892,35.711904,768,768,768,1
8,4,2097152,8388608,8.000000,1104,24.000000,35328,12,1.000000,1002546.000000,976142.500000,1958.095703,1906.526367,428.016007,419.072002,42.259952,43.161881,768,768,768,1
8,4,2097152,8388608,8.000000,184,4.000000,5888,12,1.000000,329188.500000,218211.500000,642.944336,426.192383,124.895997,84.047999,24.137331,35.868266,768,768,768,1
4,256,131072,33554432,32.000000,1104,24.000000,35328,12,1.000000,1001857.500000,973502.000000,1956.750977,1901.369141,428.016007,417.952001,42.259952,43.277544,768,768,768,1
4,256,131072,33554432,32.000000,184,4.000000,5888,12,1.000000,294781.000000,226045.000000,575.742188,441.492188,127.008006,86.943999,23.735953,34.673537,768,768,768,1
4,128,131072,16777216,16.000000,1104,24.000000,35328,12,1.000000,999847.000000,977393.000000,1952.824219,1908.968750,425.967991,418.704003,42.463134,43.199816,768,768,768,1
4,128,131072,16777216,16.000000,184,4.000000,5888,12,1.000000,292655.000000,226638.000000,571.589844,442.650391,126.928002,86.751997,23.750914,34.750278,768,768,768,1
4,64,131072,8388608,8.000000,1104,24.000000,35328,12,1.000000,990774.500000,975409.500000,1935.104492,1905.094727,423.983991,418.848008,42.661837,43.184964,768,768,768,1
4,64,131072,8388608,8.000000,184,4.000000,5888,12,1.000000,283869.000000,222432.500000,554.429688,434.436523,122.832000,86.112000,24.542920,35.008547,768,768,768,1
4,32,131072,4194304,4.000000,1104,24.000000,35328,12,1.000000,982039.500000,976973.000000,1918.043945,1908.148438,421.695992,419.407994,42.893308,43.127304,768,768,768,1
4,32,131072,4194304,4.000000,184,4.000000,5888,12,1.000000,279107.500000,220532.000000,545.129883,430.724609,119.808003,84.336001,25.162392,35.745778,768,768,768,1
4,16,262144,4194304,4.000000,1104,24.000000,35328,12,1.000000,983973.500000,978052.000000,1921.821289,1910.255859,420.751989,418.863997,42.989544,43.183315,768,768,768,1
4,16,262144,4194304,4.000000,184,4.000000,5888,12,1.000000,271399.000000,219747.500000,530.074219,429.192383,106.415998,84.783997,28.328974,35.556899,768,768,768,1
4,8,524288,4194304,4.000000,1104,24.000000,35328,12,1.000000,983243.500000,978950.000000,1920.395508,1912.009766,419.887990,418.799996,43.078003,43.189914,768,768,768,1
4,8,524288,4194304,4.000000,184,4.000000,5888,12,1.000000,269673.500000,218739.000000,526.704102,427.222656,104.447998,84.767997,28.862746,35.563610,768,768,768,1
4,4,1048576,4194304,4.000000,1104,24.000000,35328,12,1.000000,981125.500000,977245.500000,1916.258789,1908.680664,419.871986,418.783993,43.079645,43.191565,768,768,768,1
4,4,1048576,4194304,4.000000,184,4.000000,5888,12,1.000000,269954.000000,218100.500000,527.251953,425.975586,104.415998,84.735997,28.871591,35.577041,768,768,768,1
